website,title,street address,phone,link,location
"http://JobRevenue.com/?ref=29651&utm_source=localsaver,http://JobRevenue.com/?ref=29651&utm_source=localsaver",automotive repairs,Northeast Ext 367,"(205) 564-2066,(205) 564-2066",https://www.localsaver.com/10001/automotive-repairs?dsc=MYDS&bizid=52045539,ossining
"https://www.sarahomestay.com/?utm_source=localsaver,https://www.sarahomestay.com/?utm_source=localsaver",SARA HOMESTAY,,"(321) 446-1598,(321) 446-1598",https://www.localsaver.com/10001/sara-homestay?dsc=MYDS&bizid=52045492,
"https://jmackienyc.wordpress.com/?utm_source=localsaver,https://jmackienyc.wordpress.com/?utm_source=localsaver","Clear Mind, Better Life",,"(917) 952-9180,(917) 952-9180",https://www.localsaver.com/10001/clear-mind-better-life?dsc=MYDS&bizid=52037892,
,Eat Real,1185 Broadway,"(718) 812-5022,(718) 812-5022",https://www.localsaver.com/10001/eat-real?dsc=RSTRT&bizid=273458,New York
"http://Riccardomaggiore.com?utm_source=localsaver,http://Riccardomaggiore.com?utm_source=localsaver",Riccardo Maggiore salon,226 fifth ave,"(212) 448-0600,(212) 448-0600",https://www.localsaver.com/10001/riccardo-maggiore-salon?dsc=MYDS&bizid=52043260,New York
"http://www.mybenefitsplus.com/freedomwings?utm_source=localsaver,http://www.mybenefitsplus.com/freedomwings?utm_source=localsaver",FreedomWings,,"(478) 247-3877,(478) 247-3877",https://www.localsaver.com/10001/freedomwings?dsc=MYDS&bizid=52042616,
"http://tracking.groupon.com/r?tsToken=US_AFF_0_201747_212556_0&url=https%3A%2F%2Fwww.groupon.com%2Fdeals%2Forganic-element-spa-ny-6%3Fz%3Dskip%26utm_medium%3Dafl%26utm_campaign%3D201747%26mediaId%3D212556%26utm_source%3DGPN&utm_source=localsaver,http://tracking.groupon.com/r?tsToken=US_AFF_0_201747_212556_0&url=https%3A%2F%2Fwww.groupon.com%2Fdeals%2Forganic-element-spa-ny-6%3Fz%3Dskip%26utm_medium%3Dafl%26utm_campaign%3D201747%26mediaId%3D212556%26utm_source%3DGPN&utm_source=localsaver",Organic Element Spa NY,224 W 35th St,"(212) 789-9002,(212) 789-9002",https://www.localsaver.com/10001/organic-element-spa-ny?dsc=GPNDL&bizid=44EA73F20146BB86EA982BE0DD7E80EA,New York
"http://tracking.groupon.com/r?tsToken=US_AFF_0_201747_212556_0&url=https%3A%2F%2Fwww.groupon.com%2Fdeals%2Fmega-elite-fitness-2%3Fz%3Dskip%26utm_medium%3Dafl%26utm_campaign%3D201747%26mediaId%3D212556%26utm_source%3DGPN&utm_source=localsaver,http://tracking.groupon.com/r?tsToken=US_AFF_0_201747_212556_0&url=https%3A%2F%2Fwww.groupon.com%2Fdeals%2Fmega-elite-fitness-2%3Fz%3Dskip%26utm_medium%3Dafl%26utm_campaign%3D201747%26mediaId%3D212556%26utm_source%3DGPN&utm_source=localsaver",Mega Elite Fitness,235 West 29th Street,"(347) 393-2065,(347) 393-2065",https://www.localsaver.com/10001/mega-elite-fitness?dsc=GPNDL&bizid=3BF457CB59372BB6403DB94313A4ECFF,New York
"http://bhbcleaning.com?utm_source=localsaver,http://bhbcleaning.com?utm_source=localsaver",Better Homes & Business Cleaning Service,,"(212) 203-9136,(212) 203-9136",https://www.localsaver.com/10001/better-homes-business-cleaning-service?dsc=MYDS&bizid=52025494,
"http://www.midtownlivenyc.com?utm_source=localsaver,http://www.midtownlivenyc.com?utm_source=localsaver",Midtown Live,251 West 30th Street,"(212) 695-8970,(212) 695-8970",https://www.localsaver.com/10001/midtown-live?dsc=MYDS&bizid=52026826,New York
"https://www.facebook.com/Assemblyservice?utm_source=localsaver,https://www.facebook.com/Assemblyservice?utm_source=localsaver",javon handyman & assembly service,,"(347) 820-1927,(347) 820-1927",https://www.localsaver.com/10001/javon-handyman-assembly-service?dsc=MYDS&bizid=52026797,
"https://seowebdesigners.net/ny/?utm_source=localsaver,https://seowebdesigners.net/ny/?utm_source=localsaver",New York SEO | SEO Web Designers,"244 5th Ave, Ste K256","(718) 395-3971,(718) 395-3971",https://www.localsaver.com/10001/new-york-seo-seo-web-designers?dsc=MYDS&bizid=52022499,New York
,Jonny's Panini NYC,423 9th Ave,"(646) 484-5733,(646) 484-5733",https://www.localsaver.com/10001/jonny-s-panini-nyc?dsc=RSTRT&bizid=251217,New York
"http://PMTGM.COM?utm_source=localsaver,http://PMTGM.COM?utm_source=localsaver",PMT GROUP MARKETING LLC,244 5TH AVE STE w270,"(855) 366-0126,(855) 366-0126",https://www.localsaver.com/10001/pmt-group-marketing-llc?dsc=MYDS&bizid=52013249,New York
"http://idi.co?utm_source=localsaver,http://idi.co?utm_source=localsaver",International Development Institute,,"(212) 594-1917,(212) 594-1917",https://www.localsaver.com/10001/international-development-institute?dsc=MYDS&bizid=52007834,
,grandmas hands family day care,415 w. 25 street,"(212) 741-1611,(212) 741-1611",https://www.localsaver.com/10001/grandmas-hands-family-day-care?dsc=MYDS&bizid=52010905,New York
,CAFE NUNEZ,240 W. 35th St,"(212) 564-7444,(212) 564-7444",https://www.localsaver.com/10001/cafe-nunez?dsc=RSTRT&bizid=50806,New York
,Paul's Dancing Cafe,22 W 34th St,"(212) 307-1111,(212) 307-1111",https://www.localsaver.com/10001/paul-s-dancing-cafe?dsc=RSTRT&bizid=242846,New York
,O Cabanon,245 W 29th Street Between 7th and 8th Avenue,"(646) 669-7879,(646) 669-7879",https://www.localsaver.com/10001/o-cabanon?dsc=RSTRT&bizid=198787,New York
"http://www.yourtruepsychic.com?utm_source=localsaver,http://www.yourtruepsychic.com?utm_source=localsaver",Psychic Advisor Olivia,,"(212) 222-0132,(212) 222-0132",https://www.localsaver.com/10001/psychic-advisor-olivia?dsc=MYDS&bizid=52000810,
"http://www.swanandyoga.com?utm_source=localsaver,http://www.swanandyoga.com?utm_source=localsaver",Swanand Yoga,"171 W 29th Street, 3rd Floor","(212) 502-4181,(212) 502-4181",https://www.localsaver.com/10001/swanand-yoga?dsc=BDSP&bizid=12559053,New York
"http://hhdancejunkies.tumblr.com?utm_source=localsaver,http://hhdancejunkies.tumblr.com?utm_source=localsaver",Hip Hop Dance Junkies,500 8th Avenue,"(917) 238-7736,(917) 238-7736",https://www.localsaver.com/10001/hip-hop-dance-junkies?dsc=BDSP&bizid=12558512,New York
"http://www.bodyplusmindnyc.com?utm_source=localsaver,http://www.bodyplusmindnyc.com?utm_source=localsaver",Body + Mind NYC,"251 West 30th St., Ste 9FW","(917) 474-9394,(917) 474-9394",https://www.localsaver.com/10001/body-mind-nyc?dsc=BDSP&bizid=12558963,New York
"http://www.tqspa.com/?utm_source=localsaver,http://www.tqspa.com/?utm_source=localsaver",TQ Spa,"37 W 26th Street, Suite 332","(212) 460-2563,(212) 460-2563",https://www.localsaver.com/10001/tq-spa?dsc=BDSP&bizid=12558752,New York
,1742 Wine Bar,1742 2nd Avenue,"(212) 427-1010,(212) 427-1010",https://www.localsaver.com/10001/1742-wine-bar?dsc=RSTRT&bizid=151005,New York
,Khao Thai Kitchen,235 Sullivan St,"(646) 726-4418,(646) 726-4418",https://www.localsaver.com/10001/khao-thai-kitchen?dsc=RSTRT&bizid=274959,New York
,The Stand NYC,239 3rd Ave,"(212) 677-2600,(212) 677-2600",https://www.localsaver.com/10001/the-stand-nyc?dsc=RSTRT&bizid=199316,New York
,Basera,745 9th Avenue,"(212) 757-9787,(212) 757-9787",https://www.localsaver.com/10001/basera?dsc=RSTRT&bizid=36052,New York
,ONEGIN,391 Sixth Avenue,"(212) 924-8001,(212) 924-8001",https://www.localsaver.com/10001/onegin?dsc=RSTRT&bizid=149672,New York
,Korchma Taras Bulba,,,https://www.localsaver.com/10001/korchma-taras-bulba?dsc=RSTRT&bizid=299709,New York
,ODA HOUSE,76 Ave B,"(212) 353-3838,(212) 353-3838",https://www.localsaver.com/10001/oda-house?dsc=RSTRT&bizid=234746,New York
,Big Nick's,70 W 71st Street,"(212) 799-4444,(212) 799-4444",https://www.localsaver.com/10001/big-nick-s?dsc=RSTRT&bizid=1680,New York
,Sashimi Express,354 East 78th Street,"(929) 231-9376,(929) 231-9376",https://www.localsaver.com/10001/sashimi-express?dsc=MYDS&bizid=52049942,New York
,Indigo Indian Bistro,,,https://www.localsaver.com/10001/indigo-indian-bistro?dsc=RSTRT&bizid=9725,New York
"http://irepaircrackedscreens.com/?utm_source=localsaver,http://irepaircrackedscreens.com/?utm_source=localsaver",I Repair Cracked Screens,14 Wall St #2051,"(212) 843-9492,(212) 843-9492",https://www.localsaver.com/10001/i-repair-cracked-screens?dsc=MYDS&bizid=52071328,New York
"http://fabishairstudio.com?utm_source=localsaver,http://fabishairstudio.com?utm_source=localsaver",Fabi's Hair Studio,655 2nd Ave,"(212) 213-3400,(212) 213-3400",https://www.localsaver.com/10001/fabi-s-hair-studio?dsc=BDSP&bizid=12558887,Manhattan
,Bella Vita Pizzeria,158 West 58 Street,"(212) 664-7670,(212) 664-7670",https://www.localsaver.com/10001/bella-vita-pizzeria?dsc=RSTRT&bizid=216848,New York
"http://www.wirelesssolutionsny.com/?utm_source=localsaver,http://www.wirelesssolutionsny.com/?utm_source=localsaver",The Mobile Shop,228 A Columbus Ave,"(212) 300-7939,(212) 300-7939",https://www.localsaver.com/10001/the-mobile-shop?dsc=BDSP&bizid=12585286,New York
"http://kidsncomedy.com?utm_source=localsaver,http://kidsncomedy.com?utm_source=localsaver",Gotham Comedy Club • Kids 'N Comedy,208 W 23rd St,"(212) 877-6115,(212) 877-6115",https://www.localsaver.com/10001/gotham-comedy-club-kids-n-comedy?dsc=BDSP&bizid=12647734,New York
,LA CARAFE,653 9th Ave,"(212) 333-5300,(212) 333-5300",https://www.localsaver.com/10001/la-carafe?dsc=RSTRT&bizid=53543,New York
,Verde On Smith,216 Smith St.,"(718) 222-1525,(718) 222-1525",https://www.localsaver.com/10001/verde-on-smith?dsc=RSTRT&bizid=49199,Brooklyn
,Pulse Karaoke,135 W 41st Street,"(212) 278-0090,(212) 278-0090",https://www.localsaver.com/10001/pulse-karaoke?dsc=RSTRT&bizid=58399,New York
"https://www.valpak.com/coupons/printable/its-not-a-pain/166626?addressId=247669&vpref=localsaver-syn&utm_source=localsaver,https://www.valpak.com/coupons/printable/its-not-a-pain/166626?addressId=247669&vpref=localsaver-syn&utm_source=localsaver",It's Not A Pain,244 5th Ave,"(212) 726-1268,(212) 726-1268",https://www.localsaver.com/10001/it-39-s-not-a-pain?dsc=VALPK&bizid=247669,New York
"https://www.trustpharma.com/purchase/generic-allegra.asp?utm_source=localsaver,https://www.trustpharma.com/purchase/generic-allegra.asp?utm_source=localsaver",TrustPharma- Online generic drug store,,"(888) 958-5519,(888) 958-5519",https://www.localsaver.com/10001/trustpharma-online-generic-drug-store?dsc=MYDS&bizid=52094777,
"http://www.medstorerx.com/penegra.aspx?utm_source=localsaver,http://www.medstorerx.com/penegra.aspx?utm_source=localsaver",MedStoreRx- Online Generic Medicines Pharmacy,,"(806) 576-3579,(806) 576-3579",https://www.localsaver.com/10001/medstorerx-online-generic-medicines-pharmacy?dsc=MYDS&bizid=52094772,
"http://tracking.groupon.com/r?tsToken=US_AFF_0_201747_212556_0&url=https%3A%2F%2Fwww.groupon.com%2Fdeals%2Fkrav-maga-experts%3Fz%3Dskip%26utm_medium%3Dafl%26utm_campaign%3D201747%26mediaId%3D212556%26utm_source%3DGPN&utm_source=localsaver,http://tracking.groupon.com/r?tsToken=US_AFF_0_201747_212556_0&url=https%3A%2F%2Fwww.groupon.com%2Fdeals%2Fkrav-maga-experts%3Fz%3Dskip%26utm_medium%3Dafl%26utm_campaign%3D201747%26mediaId%3D212556%26utm_source%3DGPN&utm_source=localsaver",Krav Maga Experts,99 University Place,"(212) 400-4813,(212) 400-4813",https://www.localsaver.com/10001/krav-maga-experts?dsc=GPNDL&bizid=99F2A8107D36BDC0DECA584FB70100AA,New York
"https://www.sportspainmanagementnyc.com/?utm_source=localsaver,https://www.sportspainmanagementnyc.com/?utm_source=localsaver",Sports injury clinic nyc,"36 West 44th Street, Ste 1100","(212) 621-7746,(212) 621-7746",https://www.localsaver.com/10001/sports-injury-clinic-nyc?dsc=MYDS&bizid=52091741,New York
"https://www.footdoctorpodiatristnyc.com/?utm_source=localsaver,https://www.footdoctorpodiatristnyc.com/?utm_source=localsaver",Manhattan Foot Specialists NYC,"51 East 25th Street, Ste 409","(212) 389-9918,(212) 389-9918",https://www.localsaver.com/10001/manhattan-foot-specialists-nyc?dsc=MYDS&bizid=52091762,New York
"https://www.manhattandermatologistsnyc.com/?utm_source=localsaver,https://www.manhattandermatologistsnyc.com/?utm_source=localsaver",Manhattan Dermatology Specialists NYC,"51 East 25th Street, Ste 411","(212) 889-2402,(212) 889-2402",https://www.localsaver.com/10001/manhattan-dermatology-specialists-nyc?dsc=MYDS&bizid=52091751,New York
"https://www.obgynecologistnyc.com?utm_source=localsaver,https://www.obgynecologistnyc.com?utm_source=localsaver",Manhattan Women's Health & Wellness NYC,"51 East 25th Street Ste 403,","(212) 533-4575,(212) 533-4575",https://www.localsaver.com/10001/manhattan-women-s-health-wellness-nyc?dsc=MYDS&bizid=52091665,New York
"http://freeofpain.org?utm_source=localsaver,http://freeofpain.org?utm_source=localsaver",Cortisone Injection,"825 7th Ave, #2","(917) 341-2128,(917) 341-2128",https://www.localsaver.com/10001/cortisone-injection?dsc=MYDS&bizid=52091946,New York
"https://sleepsia.com/?utm_source=localsaver,https://sleepsia.com/?utm_source=localsaver",Bamboo Pillow - Sleepsia LLC,"600 3rd Avenue, FL 2","(800) 862-1084,(800) 862-1084",https://www.localsaver.com/10001/bamboo-pillow-sleepsia-llc?dsc=MYDS&bizid=52093675,New York
"http://carinsurancequotes.agency/nyc/?utm_source=localsaver,http://carinsurancequotes.agency/nyc/?utm_source=localsaver",Cheap Auto Insurances New York,347 5th Ave # 1402-606,"(646) 681-7396,(646) 681-7396",https://www.localsaver.com/10001/cheap-auto-insurances-new-york?dsc=MYDS&bizid=52088091,New York
"http://mountainpharmacies.com?utm_source=localsaver,http://mountainpharmacies.com?utm_source=localsaver",mountainpharmacy,"446 W 34th St, New York, NY 10001","(904) 686-8791,(904) 686-8791",https://www.localsaver.com/10001/mountainpharmacy?dsc=MYDS&bizid=52084752,New York
"http://nycorientalrugcare.com/other-area-rugs?utm_source=localsaver,http://nycorientalrugcare.com/other-area-rugs?utm_source=localsaver",Area Rug Cleaning Manhattan,,"(646) 465-7703,(646) 465-7703",https://www.localsaver.com/10001/area-rug-cleaning-manhattan?dsc=MYDS&bizid=52084843,
"http://www.lecharmefleur.com?utm_source=localsaver,http://www.lecharmefleur.com?utm_source=localsaver",Best Online Flower Delivery,"477 Madison Ave, suite 75A","(347) 560-5952,(347) 560-5952",https://www.localsaver.com/10001/best-online-flower-delivery?dsc=MYDS&bizid=52092104,New York
,Alice's Arbor,549 Classic Ave at Fulton,"(718) 399-3003,(718) 399-3003",https://www.localsaver.com/10001/alice-s-arbor?dsc=RSTRT&bizid=204063,Brooklyn
,Aleo,7 West 20th St.,"(212) 691-8136,(212) 691-8136",https://www.localsaver.com/10001/aleo?dsc=RSTRT&bizid=4634,New York
"http://tracking.groupon.com/r?tsToken=US_AFF_0_201747_212556_0&url=https%3A%2F%2Fwww.groupon.com%2Fdeals%2Fmuseum-of-the-american-gangster-1%3Fz%3Dskip%26utm_medium%3Dafl%26utm_campaign%3D201747%26mediaId%3D212556%26utm_source%3DGPN&utm_source=localsaver,http://tracking.groupon.com/r?tsToken=US_AFF_0_201747_212556_0&url=https%3A%2F%2Fwww.groupon.com%2Fdeals%2Fmuseum-of-the-american-gangster-1%3Fz%3Dskip%26utm_medium%3Dafl%26utm_campaign%3D201747%26mediaId%3D212556%26utm_source%3DGPN&utm_source=localsaver",Museum of The American Gangster,80 St. Marks Pl (between 2nd Ave & 1st Ave),"(212) 228-5736,(212) 228-5736",https://www.localsaver.com/10001/museum-of-the-american-gangster?dsc=GPNDL&bizid=3BE966D19B5966CCD690225BBE653A6C,New York
"http://tracking.groupon.com/r?tsToken=US_AFF_0_201747_212556_0&url=https%3A%2F%2Fwww.groupon.com%2Fdeals%2Fwildman-steve-brill-1-5%3Fz%3Dskip%26utm_medium%3Dafl%26utm_campaign%3D201747%26mediaId%3D212556%26utm_source%3DGPN&utm_source=localsaver,http://tracking.groupon.com/r?tsToken=US_AFF_0_201747_212556_0&url=https%3A%2F%2Fwww.groupon.com%2Fdeals%2Fwildman-steve-brill-1-5%3Fz%3Dskip%26utm_medium%3Dafl%26utm_campaign%3D201747%26mediaId%3D212556%26utm_source%3DGPN&utm_source=localsaver",Wildman Steve Brill,Central Park,,https://www.localsaver.com/10001/wildman-steve-brill?dsc=GPNDL&bizid=1A750F3CEA50B7664F406EA3BA11DD11,New York
"http://americasholisticdoctor.com?utm_source=localsaver,http://americasholisticdoctor.com?utm_source=localsaver",America’s Holistic Doctor,,"(559) 490-9550,(559) 490-9550",https://www.localsaver.com/10001/america-s-holistic-doctor?dsc=MYDS&bizid=52073953,
,Indigo Indian Bistro,283 Columbus Ave,"(212) 579-3900,(212) 579-3900",https://www.localsaver.com/10001/indigo-indian-bistro?dsc=RSTRT&bizid=243663,New York
,Jersey Meatball Co,7409 Broadway,"(201) 758-8900,(201) 758-8900",https://www.localsaver.com/10001/jersey-meatball-co?dsc=RSTRT&bizid=217589,North Bergen
,ANATOLIA MEDITERRAINIAN CUISINE,401 East 62nd St,"(212) 223-7500,(212) 223-7500",https://www.localsaver.com/10001/anatolia-mediterrainian-cuisine?dsc=RSTRT&bizid=55755,New York
"http://tracking.groupon.com/r?tsToken=US_AFF_0_201747_212556_0&url=https%3A%2F%2Fwww.groupon.com%2Fdeals%2Fgl-stand-up-ny-4-11%3Fz%3Dskip%26utm_medium%3Dafl%26utm_campaign%3D201747%26mediaId%3D212556%26utm_source%3DGPN&utm_source=localsaver,http://tracking.groupon.com/r?tsToken=US_AFF_0_201747_212556_0&url=https%3A%2F%2Fwww.groupon.com%2Fdeals%2Fgl-stand-up-ny-4-11%3Fz%3Dskip%26utm_medium%3Dafl%26utm_campaign%3D201747%26mediaId%3D212556%26utm_source%3DGPN&utm_source=localsaver",Stand Up NY,236 W 78th St.,"(212) 595-0850,(212) 595-0850",https://www.localsaver.com/10001/stand-up-ny?dsc=GPNDL&bizid=011BAF5C66C97890831177460D67FFF4,New York
"https://www.bidsquare.com?utm_source=localsaver,https://www.bidsquare.com?utm_source=localsaver",Bidsquare,"1412 Broadway, 21st FL","(800) 657-0092,(800) 657-0092",https://www.localsaver.com/10001/bidsquare?dsc=MYDS&bizid=52072152,New York
"http://tracking.groupon.com/r?tsToken=US_AFF_0_201747_212556_0&url=https%3A%2F%2Fwww.groupon.com%2Fdeals%2Fbeacon-paint-hardware%3Fz%3Dskip%26utm_medium%3Dafl%26utm_campaign%3D201747%26mediaId%3D212556%26utm_source%3DGPN&utm_source=localsaver,http://tracking.groupon.com/r?tsToken=US_AFF_0_201747_212556_0&url=https%3A%2F%2Fwww.groupon.com%2Fdeals%2Fbeacon-paint-hardware%3Fz%3Dskip%26utm_medium%3Dafl%26utm_campaign%3D201747%26mediaId%3D212556%26utm_source%3DGPN&utm_source=localsaver",Beacon Paint & Hardware,371 Amsterdam Ave.,"(212) 787-1090,(212) 787-1090",https://www.localsaver.com/10001/beacon-paint-hardware?dsc=GPNDL&bizid=69D86C52B303D43AEBD622B5B10B42C1,New York
"http://tracking.groupon.com/r?tsToken=US_AFF_0_201747_212556_0&url=https%3A%2F%2Fwww.groupon.com%2Fdeals%2Flelabar-2%3Fz%3Dskip%26utm_medium%3Dafl%26utm_campaign%3D201747%26mediaId%3D212556%26utm_source%3DGPN&utm_source=localsaver,http://tracking.groupon.com/r?tsToken=US_AFF_0_201747_212556_0&url=https%3A%2F%2Fwww.groupon.com%2Fdeals%2Flelabar-2%3Fz%3Dskip%26utm_medium%3Dafl%26utm_campaign%3D201747%26mediaId%3D212556%26utm_source%3DGPN&utm_source=localsaver",Lelabar,422 Hudson St,"(212) 206-0594,(212) 206-0594",https://www.localsaver.com/10001/lelabar?dsc=GPNDL&bizid=81846C452675B79EA633B8CC836E90B9,New York
"http://tracking.groupon.com/r?tsToken=US_AFF_0_201747_212556_0&url=https%3A%2F%2Fwww.groupon.com%2Fdeals%2Fval-el-salon-and-spa-10%3Fz%3Dskip%26utm_medium%3Dafl%26utm_source%3DGPN%26utm_campaign%3D201747%26mediaId%3D212556&utm_source=localsaver,http://tracking.groupon.com/r?tsToken=US_AFF_0_201747_212556_0&url=https%3A%2F%2Fwww.groupon.com%2Fdeals%2Fval-el-salon-and-spa-10%3Fz%3Dskip%26utm_medium%3Dafl%26utm_source%3DGPN%26utm_campaign%3D201747%26mediaId%3D212556&utm_source=localsaver",Val El Salon and Spa,1291 1st Ave,"(164) 636-0377,(164) 636-0377",https://www.localsaver.com/10001/val-el-salon-and-spa?dsc=GPNDL&bizid=A20682D526409EDDC27C2B14BB739CBF,New York
"http://tracking.groupon.com/r?tsToken=US_AFF_0_201747_212556_0&url=https%3A%2F%2Fwww.groupon.com%2Fdeals%2Feats-on-lex-6%3Fz%3Dskip%26utm_medium%3Dafl%26utm_campaign%3D201747%26mediaId%3D212556%26utm_source%3DGPN&utm_source=localsaver,http://tracking.groupon.com/r?tsToken=US_AFF_0_201747_212556_0&url=https%3A%2F%2Fwww.groupon.com%2Fdeals%2Feats-on-lex-6%3Fz%3Dskip%26utm_medium%3Dafl%26utm_campaign%3D201747%26mediaId%3D212556%26utm_source%3DGPN&utm_source=localsaver",Eats on Lex,1055 Lexington Ave,"(212) 396-3287,(212) 396-3287",https://www.localsaver.com/10001/eats-on-lex?dsc=GPNDL&bizid=972775B291F868A157E89548F7F6E6CC,Manhattan
"https://www.periony.com?utm_source=localsaver,https://www.periony.com?utm_source=localsaver",Manhattan Periodontics & Implant Dentistry,"121 East 60th St, Ste 6C1","(212) 644-4477,(212) 644-4477",https://www.localsaver.com/10001/manhattan-periodontics-implant-dentistry?dsc=MYDS&bizid=52074225,New York
"https://www.aestheticwellnessnyc.com?utm_source=localsaver,https://www.aestheticwellnessnyc.com?utm_source=localsaver",Radiance Aesthetics & Wellness,635 Madison Ave #407,"(212) 752-5745,(212) 752-5745",https://www.localsaver.com/10001/radiance-aesthetics-wellness?dsc=MYDS&bizid=52074237,New York
"http://ny-carpetcleaning-nyc.com?utm_source=localsaver,http://ny-carpetcleaning-nyc.com?utm_source=localsaver",NY-CarpetCleaning-NYC,127 E 73rd St,"(212) 731-4610,(212) 731-4610",https://www.localsaver.com/10001/ny-carpetcleaning-nyc?dsc=MYDS&bizid=52003706,New York
"http://tracking.groupon.com/r?tsToken=US_AFF_0_201747_212556_0&url=https%3A%2F%2Fwww.groupon.com%2Fdeals%2Fmimo-lash-and-skin-2%3Fz%3Dskip%26utm_medium%3Dafl%26utm_campaign%3D201747%26mediaId%3D212556%26utm_source%3DGPN&utm_source=localsaver,http://tracking.groupon.com/r?tsToken=US_AFF_0_201747_212556_0&url=https%3A%2F%2Fwww.groupon.com%2Fdeals%2Fmimo-lash-and-skin-2%3Fz%3Dskip%26utm_medium%3Dafl%26utm_campaign%3D201747%26mediaId%3D212556%26utm_source%3DGPN&utm_source=localsaver",Mimo Lash and Skin,230 Willow Avenue,"(201) 653-5501,(201) 653-5501",https://www.localsaver.com/10001/mimo-lash-and-skin?dsc=GPNDL&bizid=818B16216B6C0D341AF18A77DD2C5AE2,Hoboken
"https://www.pilawyersnyc.com/?utm_source=localsaver,https://www.pilawyersnyc.com/?utm_source=localsaver","Lurie, Ilchert, MacDonnell & Ryan LLP","475 Park Avenue South, Suite 2800","(646) 461-4009,(646) 461-4009",https://www.localsaver.com/10001/lurie-ilchert-macdonnell-ryan-llp?dsc=MYDS&bizid=52071421,New York
"https://www.nycdentalimplantscenter.com?utm_source=localsaver,https://www.nycdentalimplantscenter.com?utm_source=localsaver",NYC Dental Implants Center,"121 East 60th St, Ste 6C2","(212) 256-0000,(212) 256-0000",https://www.localsaver.com/10001/nyc-dental-implants-center?dsc=MYDS&bizid=52074222,New York
"http://ny-carpetcleaning-nyc.com?utm_source=localsaver,http://ny-carpetcleaning-nyc.com?utm_source=localsaver",NY-CarpetCleaning-NYC,127 E 73rd St,"(212) 731-4610,(212) 731-4610",https://www.localsaver.com/10001/ny-carpetcleaning-nyc?dsc=MYDS&bizid=52010024,New York
"https://americanhvacrny.wixsite.com/americanhvacrllc?utm_source=localsaver,https://americanhvacrny.wixsite.com/americanhvacrllc?utm_source=localsaver","American HVACR LLC-Best Air Conditioning,Heating & HVAC Company","348 West 57th Street,Shop No 307,","(718) 913-5466,(718) 913-5466",https://www.localsaver.com/10001/american-hvacr-llc-best-air-conditioning-heating-hvac-company?dsc=MYDS&bizid=52071893,New York
,Prestige Barbers New York,Serving,"(212) 257-8222,(212) 257-8222",https://www.localsaver.com/10001/prestige-barbers-new-york?dsc=MYDS&bizid=52085746,New York
,8th Wonder Juice Bar,370 2nd Ave.,"(646) 861-3929,(646) 861-3929",https://www.localsaver.com/10001/8th-wonder-juice-bar?dsc=RSTRT&bizid=256266,New York
"https://www.valpak.com/coupons/printable/tsigonia-paint-hardware/91213?addressId=247477&vpref=localsaver-syn&utm_source=localsaver,https://www.valpak.com/coupons/printable/tsigonia-paint-hardware/91213?addressId=247477&vpref=localsaver-syn&utm_source=localsaver",Tsigonia Paint & Hardware,711 23rd St,"(201) 348-8400,(201) 348-8400",https://www.localsaver.com/10001/tsigonia-paint-38-hardware?dsc=VALPK&bizid=247477,Union City
"https://www.valpak.com/coupons/printable/dr-sandler/158910?addressId=239333&vpref=localsaver-syn&utm_source=localsaver,https://www.valpak.com/coupons/printable/dr-sandler/158910?addressId=239333&vpref=localsaver-syn&utm_source=localsaver",Dr. Sandler,"225 E 70th St, c o eastside dental","(212) 517-4660,(212) 517-4660",https://www.localsaver.com/10001/dr-sandler?dsc=VALPK&bizid=239333,New York
,Pain  Petrychenko,Serving,"(566) 564-6677,(566) 564-6677",https://www.localsaver.com/10001/pain-petrychenko?dsc=MYDS&bizid=52087008,New York
"http://grupoguzman.net?utm_source=localsaver,http://grupoguzman.net?utm_source=localsaver",Grupo Guzman LLC,,"(201) 467-4860,(201) 467-4860",https://www.localsaver.com/10001/grupo-guzman-llc?dsc=MYDS&bizid=52084463,
"http://tracking.groupon.com/r?tsToken=US_AFF_0_201747_212556_0&url=https%3A%2F%2Fwww.groupon.com%2Fdeals%2Fny-sun-club-upper-east-side-3%3Fz%3Dskip%26utm_medium%3Dafl%26utm_campaign%3D201747%26mediaId%3D212556%26utm_source%3DGPN&utm_source=localsaver,http://tracking.groupon.com/r?tsToken=US_AFF_0_201747_212556_0&url=https%3A%2F%2Fwww.groupon.com%2Fdeals%2Fny-sun-club-upper-east-side-3%3Fz%3Dskip%26utm_medium%3Dafl%26utm_campaign%3D201747%26mediaId%3D212556%26utm_source%3DGPN&utm_source=localsaver",NY Sun Club,1461 3rd Ave,"(212) 776-1000,(212) 776-1000",https://www.localsaver.com/10001/ny-sun-club?dsc=GPNDL&bizid=41E455BA9B3FD0DE09645A244E5A7DCB,New York
,Notaro Ristorante,635 2nd Avenue,"(212) 686-3400,(212) 686-3400",https://www.localsaver.com/10001/notaro-ristorante?dsc=RSTRT&bizid=24351,New York
"http://www.fourthwallevents.com?utm_source=localsaver,http://www.fourthwallevents.com?utm_source=localsaver",Fourth Wall Events,"209 W. 40th St, Suite 201","(212) 316-0052,(212) 316-0052",https://www.localsaver.com/10001/fourth-wall-events?dsc=MYDS&bizid=52069253,New York
,Burrito Joint,,,https://www.localsaver.com/10001/burrito-joint?dsc=RSTRT&bizid=299305,Union City
"http://tracking.groupon.com/r?tsToken=US_AFF_0_201747_212556_0&url=https%3A%2F%2Fwww.groupon.com%2Fdeals%2Fadvance-vision-care%3Fz%3Dskip%26utm_medium%3Dafl%26utm_campaign%3D201747%26mediaId%3D212556%26utm_source%3DGPN&utm_source=localsaver,http://tracking.groupon.com/r?tsToken=US_AFF_0_201747_212556_0&url=https%3A%2F%2Fwww.groupon.com%2Fdeals%2Fadvance-vision-care%3Fz%3Dskip%26utm_medium%3Dafl%26utm_campaign%3D201747%26mediaId%3D212556%26utm_source%3DGPN&utm_source=localsaver",Advanced Vision Care,1566 1st Avenue,"(212) 217-1600,(212) 217-1600",https://www.localsaver.com/10001/advanced-vision-care?dsc=GPNDL&bizid=C1CC56991F06D9DDA246AA3CAE486E26,New York
"http://LADBYLA.COM?utm_source=localsaver,http://LADBYLA.COM?utm_source=localsaver",LAD By LA,,"(917) 892-9860,(917) 892-9860",https://www.localsaver.com/10001/lad-by-la?dsc=MYDS&bizid=52068985,
"http://www.AAPretzels.com?utm_source=localsaver,http://www.AAPretzels.com?utm_source=localsaver",Auntie Anne's Pretzels Times Square,664 8th Ave,"(212) 764-1562,(212) 764-1562",https://www.localsaver.com/10001/auntie-anne-s-pretzels-times-square?dsc=MYDS&bizid=52055942,New York
"http://www.breathandbones.com?utm_source=localsaver,http://www.breathandbones.com?utm_source=localsaver",Breath & Bones,80 East 11th St. suite 301,"(917) 478-1799,(917) 478-1799",https://www.localsaver.com/10001/breath-bones?dsc=MYDS&bizid=52067158,New York
"http://tracking.groupon.com/r?tsToken=US_AFF_0_201747_212556_0&url=https%3A%2F%2Fwww.groupon.com%2Fdeals%2Fgl-comic-strip-live-4-8%3Fz%3Dskip%26utm_medium%3Dafl%26utm_campaign%3D201747%26mediaId%3D212556%26utm_source%3DGPN&utm_source=localsaver,http://tracking.groupon.com/r?tsToken=US_AFF_0_201747_212556_0&url=https%3A%2F%2Fwww.groupon.com%2Fdeals%2Fgl-comic-strip-live-4-8%3Fz%3Dskip%26utm_medium%3Dafl%26utm_campaign%3D201747%26mediaId%3D212556%26utm_source%3DGPN&utm_source=localsaver",Comic Strip Live,1568 2nd Ave.,"(212) 861-9386,(212) 861-9386",https://www.localsaver.com/10001/comic-strip-live?dsc=GPNDL&bizid=DA0CE35D816AB343EA2B0D2E03179CE9,New York
"http://www.carpetcleaningnewyork.com?utm_source=localsaver,http://www.carpetcleaningnewyork.com?utm_source=localsaver",Steam Pro Carpet Cleaning,397 3rd Ave,"(718) 606-0549,(718) 606-0549",https://www.localsaver.com/10001/steam-pro-carpet-cleaning?dsc=MYDS&bizid=52042289,New York
,Aanchal,45-12 23rd St,"(718) 349-9060,(718) 349-9060",https://www.localsaver.com/10001/aanchal?dsc=RSTRT&bizid=238989,Long Island City
"http://tracking.groupon.com/r?tsToken=US_AFF_0_201747_212556_0&url=https%3A%2F%2Fwww.groupon.com%2Fdeals%2Fbronze-boutique-spa%3Fz%3Dskip%26utm_medium%3Dafl%26utm_campaign%3D201747%26mediaId%3D212556%26utm_source%3DGPN&utm_source=localsaver,http://tracking.groupon.com/r?tsToken=US_AFF_0_201747_212556_0&url=https%3A%2F%2Fwww.groupon.com%2Fdeals%2Fbronze-boutique-spa%3Fz%3Dskip%26utm_medium%3Dafl%26utm_campaign%3D201747%26mediaId%3D212556%26utm_source%3DGPN&utm_source=localsaver",Bronze Boutique & Spa,330 E 65th St.,"(212) 319-5805,(212) 319-5805",https://www.localsaver.com/10001/bronze-boutique-spa?dsc=GPNDL&bizid=ED1AC2D39960FA867252B6F9867EB6C5,New York
"http://cheaphotel.biz?utm_source=localsaver,http://cheaphotel.biz?utm_source=localsaver",CheapHotel.biz,,"(877) 477-7441,(877) 477-7441",https://www.localsaver.com/10001/cheaphotel-biz?dsc=MYDS&bizid=52065967,
,Ayromist,10 East 39th St,"(917) 838-8562,(917) 838-8562",https://www.localsaver.com/10001/ayromist?dsc=MYDS&bizid=52048385,New York
"http://www.projectexpedition.com?utm_source=localsaver,http://www.projectexpedition.com?utm_source=localsaver",Project Expedition,,"(917) 819-2376,(917) 819-2376",https://www.localsaver.com/10001/project-expedition?dsc=MYDS&bizid=52071831,
,Duran Sandwiches,,,https://www.localsaver.com/10001/duran-sandwiches?dsc=RSTRT&bizid=285371,New York
,Stuyvesant Organic,,,https://www.localsaver.com/10001/stuyvesant-organic?dsc=RSTRT&bizid=297032,New York
"http://Ramininyc.com?utm_source=localsaver,http://Ramininyc.com?utm_source=localsaver",Ramini espresso bar,265 w 37 st,"(347) 907-0343,(347) 907-0343",https://www.localsaver.com/10001/ramini-espresso-bar?dsc=MYDS&bizid=52063922,New York
,Yours Truly,8 Spring St,"(917) 388-2641,(917) 388-2641",https://www.localsaver.com/10001/yours-truly?dsc=RSTRT&bizid=268919,New York
"http://tracking.groupon.com/r?tsToken=US_AFF_0_201747_212556_0&url=https%3A%2F%2Fwww.groupon.com%2Fdeals%2Fdiva-salon-and-spa%3Fz%3Dskip%26utm_medium%3Dafl%26utm_campaign%3D201747%26mediaId%3D212556%26utm_source%3DGPN&utm_source=localsaver,http://tracking.groupon.com/r?tsToken=US_AFF_0_201747_212556_0&url=https%3A%2F%2Fwww.groupon.com%2Fdeals%2Fdiva-salon-and-spa%3Fz%3Dskip%26utm_medium%3Dafl%26utm_campaign%3D201747%26mediaId%3D212556%26utm_source%3DGPN&utm_source=localsaver",Studio Diva Salon and Spa,60 Henry Street,"(718) 222-0400,(718) 222-0400",https://www.localsaver.com/10001/studio-diva-salon-and-spa?dsc=GPNDL&bizid=6F6BBDA61472077714A57CDE0559F88B,Brooklyn
,Snowdonia,34-55 32ND ST,"(347) 730-5783,(347) 730-5783",https://www.localsaver.com/10001/snowdonia?dsc=RSTRT&bizid=242203,Astoria
"http://www.lowvoltagenyc.com?utm_source=localsaver,http://www.lowvoltagenyc.com?utm_source=localsaver",Low Voltage Nyc,"1441 broadway, 6th floor","(347) 565-9999,(347) 565-9999",https://www.localsaver.com/10001/low-voltage-nyc?dsc=MYDS&bizid=52062670,New York
"https://www.valpak.com/coupons/printable/defontes-of-brooklyn/158776?addressId=239173&vpref=localsaver-syn&utm_source=localsaver,https://www.valpak.com/coupons/printable/defontes-of-brooklyn/158776?addressId=239173&vpref=localsaver-syn&utm_source=localsaver",Defontes Of Brooklyn,95 Water St,"(718) 213-4853,(718) 213-4853",https://www.localsaver.com/10001/defontes-of-brooklyn?dsc=VALPK&bizid=239173,Brooklyn
"http://www.avnyc.com?utm_source=localsaver,http://www.avnyc.com?utm_source=localsaver","AV NYC, Inc",519 Eighth Avenue,"(212) 858-9339,(212) 858-9339",https://www.localsaver.com/10001/av-nyc-inc?dsc=MYDS&bizid=52057112,New York
"http://tracking.groupon.com/r?tsToken=US_AFF_0_201747_212556_0&url=https%3A%2F%2Fwww.groupon.com%2Fdeals%2F1742-wine-bar-2%3Fz%3Dskip%26utm_medium%3Dafl%26utm_campaign%3D201747%26mediaId%3D212556%26utm_source%3DGPN&utm_source=localsaver,http://tracking.groupon.com/r?tsToken=US_AFF_0_201747_212556_0&url=https%3A%2F%2Fwww.groupon.com%2Fdeals%2F1742-wine-bar-2%3Fz%3Dskip%26utm_medium%3Dafl%26utm_campaign%3D201747%26mediaId%3D212556%26utm_source%3DGPN&utm_source=localsaver",1742 Wine Bar,1742 2nd Ave.,"(212) 427-1010,(212) 427-1010",https://www.localsaver.com/10001/1742-wine-bar?dsc=GPNDL&bizid=90C7E03150015036B4682DE3FCC0FA39,Manhattan
"http://www.cbaoasianbuns.com?utm_source=localsaver,http://www.cbaoasianbuns.com?utm_source=localsaver",C Bao,108 w 14th Street,"(212) 206-8388,(212) 206-8388",https://www.localsaver.com/10001/c-bao?dsc=MYDS&bizid=52002683,New York
"http://www.acutcm.com/?utm_source=localsaver,http://www.acutcm.com/?utm_source=localsaver",ACU TCM,6 East 39th Street 8th Floor,"(347) 781-5688,(347) 781-5688",https://www.localsaver.com/10001/acu-tcm?dsc=MYDS&bizid=52063726,New York
,Wild,340 Bedford Ave,"(347) 599-0699,(347) 599-0699",https://www.localsaver.com/10001/wild?dsc=RSTRT&bizid=246694,Brooklyn
"https://www.manhattangastroenterology.com/?utm_source=localsaver,https://www.manhattangastroenterology.com/?utm_source=localsaver",Manhattan Gastroenterology,"983 Park Ave, Ste 1D","(212) 427-8761,(212) 427-8761",https://www.localsaver.com/10001/manhattan-gastroenterology?dsc=MYDS&bizid=52074240,New York
"http://www.dandreny.net?utm_source=localsaver,http://www.dandreny.net?utm_source=localsaver",D'Andre New York,"230 West 38th Street, 14th Floor","(800) 564-4168,(800) 564-4168",https://www.localsaver.com/10001/d-andre-new-york?dsc=MYDS&bizid=52052451,New York
,The Brick Fire Baked Pizza,1122 Washington Street,"(201) 942-9999,(201) 942-9999",https://www.localsaver.com/10001/the-brick-fire-baked-pizza?dsc=RSTRT&bizid=216556,Hoboken
"https://www.valpak.com/coupons/printable/tsigonia-paint-hardware/91213?addressId=247479&vpref=localsaver-syn&utm_source=localsaver,https://www.valpak.com/coupons/printable/tsigonia-paint-hardware/91213?addressId=247479&vpref=localsaver-syn&utm_source=localsaver",Tsigonia Paint & Hardware,302 Central Ave,"(201) 659-0044,(201) 659-0044",https://www.localsaver.com/10001/tsigonia-paint-38-hardware?dsc=VALPK&bizid=247479,Jersey City
"http://www.lecachetspa.com?utm_source=localsaver,http://www.lecachetspa.com?utm_source=localsaver",Le Cachet Day Spa and Laser Center,39 East 30-th Street,"(212) 448-9823,(212) 448-9823",https://www.localsaver.com/10001/le-cachet-day-spa-and-laser-center?dsc=MYDS&bizid=52019523,New York
,Carragher's Pub and Restaurant,,,https://www.localsaver.com/10001/carragher-s-pub-and-restaurant?dsc=RSTRT&bizid=305952,New York
"http://www.avnyc.com?utm_source=localsaver,http://www.avnyc.com?utm_source=localsaver","AV NYC, INC",519 Eighth Avenue,"(212) 256-1445,(212) 256-1445",https://www.localsaver.com/10001/av-nyc-inc?dsc=MYDS&bizid=52056239,New York
"http://www.ultimatecollection.nyc/?utm_source=localsaver,http://www.ultimatecollection.nyc/?utm_source=localsaver",Ultimate Collection,500 8th ave,"(646) 559-5705,(646) 559-5705",https://www.localsaver.com/10001/ultimate-collection?dsc=MYDS&bizid=52059548,New York
"https://newyorkcityphotosafari.com?utm_source=localsaver,https://newyorkcityphotosafari.com?utm_source=localsaver",New York City Photo Safari,,"(718) 268-9634,(718) 268-9634",https://www.localsaver.com/10001/new-york-city-photo-safari?dsc=MYDS&bizid=52061689,
"http://www.mettailor.com?utm_source=localsaver,http://www.mettailor.com?utm_source=localsaver",MET TAILOR,,"(917) 924-2350,(917) 924-2350",https://www.localsaver.com/10001/met-tailor?dsc=MYDS&bizid=52055357,
"http://www.ebay.com/usr/yourbestjewelrysource?utm_source=localsaver,http://www.ebay.com/usr/yourbestjewelrysource?utm_source=localsaver",yourbestjewlerysource,,"(718) 930-0604,(718) 930-0604",https://www.localsaver.com/10001/yourbestjewlerysource?dsc=MYDS&bizid=52062410,
,Tagine,221 W 38th St,"(646) 326-8014,(646) 326-8014",https://www.localsaver.com/10001/tagine?dsc=RSTRT&bizid=278232,New York
"https://www.finishmyhw.com/?utm_source=localsaver,https://www.finishmyhw.com/?utm_source=localsaver",Finish My Homework,155 Water Street,"(210) 664-7231,(210) 664-7231",https://www.localsaver.com/10001/finish-my-homework?dsc=MYDS&bizid=52075694,Brooklyn
,Pig n Whistle Pub & Restaurant,,,https://www.localsaver.com/10001/pig-n-whistle-pub-restaurant?dsc=RSTRT&bizid=305564,New York
,Siblings,,,https://www.localsaver.com/10001/siblings?dsc=RSTRT&bizid=295536,Manhattan
"https://www.emaidsinc.com?utm_source=localsaver,https://www.emaidsinc.com?utm_source=localsaver",eMaids inc.,,"(212) 390-1877,(212) 390-1877",https://www.localsaver.com/10001/emaids-inc-?dsc=MYDS&bizid=52051093,
,Cafe Fresco,1239 1st Ave,"(212) 535-9030,(212) 535-9030",https://www.localsaver.com/10001/cafe-fresco?dsc=RSTRT&bizid=219912,New York
"http://www.soberforever.net?utm_campaign=DataSphere&utm_source=localsaver&utm_medium=paid&utm_adgroup=DataSphere,http://www.soberforever.net?utm_campaign=DataSphere&utm_source=localsaver&utm_medium=paid&utm_adgroup=DataSphere",Saint Jude Retreats,,"(855) 375-6615,(855) 375-6615",https://www.localsaver.com/10001/saint-jude-retreats?dsc=MYDS&bizid=52057046,
"http://www.toptanzanite.com/?utm_source=localsaver,http://www.toptanzanite.com/?utm_source=localsaver",Top Tanzanite,"15 W 47th St, Ste 600","(888) 243-9192,(888) 243-9192",https://www.localsaver.com/10001/top-tanzanite?dsc=MYDS&bizid=52061871,New York
"http://www.luxurywatchesnyc.com?utm_source=localsaver,http://www.luxurywatchesnyc.com?utm_source=localsaver",Luxury Watches NYC COrp.,"37W E 47TH ST, Booth 39","(855) 589-5500,(855) 589-5500",https://www.localsaver.com/10001/luxury-watches-nyc-corp-?dsc=MYDS&bizid=52054976,New York
,Fuel Grill & Juice Bar,,,https://www.localsaver.com/10001/fuel-grill-juice-bar?dsc=RSTRT&bizid=305744,Manhattan
,Kharian Deli,,,https://www.localsaver.com/10001/kharian-deli?dsc=RSTRT&bizid=296694,New York
"http://patrina.com/?utm_source=localsaver,http://patrina.com/?utm_source=localsaver",Patrina Corporation,"45 Broadway, Suite 1440","(212) 233-1155,(212) 233-1155",https://www.localsaver.com/10001/patrina-corporation?dsc=MYDS&bizid=52075124,New York
"http://www.fainaeuropeanspa.com?utm_source=localsaver,http://www.fainaeuropeanspa.com?utm_source=localsaver",Faina European Day Spa,"315 W 57th St. #402, 330 W 58th St. (2nd Convenient Entrance)","(212) 245-6557,(212) 245-6557",https://www.localsaver.com/10001/faina-european-day-spa?dsc=BDSP&bizid=12558777,New York
"http://LennyBurdier.Weebly.Com?utm_source=localsaver,http://LennyBurdier.Weebly.Com?utm_source=localsaver",Lenny Burdier Real Estate,,"(718) 974-1232,(718) 974-1232",https://www.localsaver.com/10001/lenny-burdier-real-estate?dsc=MYDS&bizid=52060658,
"http://manhattancats.com?utm_source=localsaver,http://manhattancats.com?utm_source=localsaver",Manhattan Cat Specialists,230 West 76th Street,"(212) 721-2287,(212) 721-2287",https://www.localsaver.com/10001/manhattan-cat-specialists?dsc=MYDS&bizid=52007489,New York
"https://www.valpak.com/coupons/printable/the-law-offices-of-barry-m-bordetsky/115675?addressId=183884&vpref=localsaver-syn&utm_source=localsaver,https://www.valpak.com/coupons/printable/the-law-offices-of-barry-m-bordetsky/115675?addressId=183884&vpref=localsaver-syn&utm_source=localsaver",The Law Offices Of Barry M. Bordetsky,570 Lexington Ave,"(212) 688-0008,(212) 688-0008",https://www.localsaver.com/10001/the-law-offices-of-barry-m-bordetsky?dsc=VALPK&bizid=183884,New York
"http://www.netgearroutersetup.com/?utm_source=localsaver,http://www.netgearroutersetup.com/?utm_source=localsaver",Netgear Wireless Router Setup Call +1-855-856-2653,440 Greene St,"(650) 353-3419,(650) 353-3419",https://www.localsaver.com/10001/netgear-wireless-router-setup-call-1-855-856-2653?dsc=MYDS&bizid=52062934,New York City
"http://couplestherapynewyork.net?utm_source=localsaver,http://couplestherapynewyork.net?utm_source=localsaver",Couples Therapy New York,"1133 Broadway, Suite 1028","(917) 242-5931,(917) 242-5931",https://www.localsaver.com/10001/couples-therapy-new-york?dsc=MYDS&bizid=52041765,New York
"http://www.nycbodypaint.com?utm_source=localsaver,http://www.nycbodypaint.com?utm_source=localsaver",NYC Bodypaint,,"(917) 567-5304,(917) 567-5304",https://www.localsaver.com/10001/nyc-bodypaint?dsc=MYDS&bizid=52049678,
,La Carbonara Restaurant,,,https://www.localsaver.com/10001/la-carbonara-restaurant?dsc=RSTRT&bizid=283469,New York
"http://www.4beautifulstruggle.com?utm_source=localsaver,http://www.4beautifulstruggle.com?utm_source=localsaver",Beautiful Struggle Productions,305 West 38th street,"(415) 574-6371,(415) 574-6371",https://www.localsaver.com/10001/beautiful-struggle-productions?dsc=MYDS&bizid=52044119,New York
"https://www.brooklyngynplace.com?utm_source=localsaver,https://www.brooklyngynplace.com?utm_source=localsaver",Brooklyn GYN Place NYC,"142 Joralemon Street, #4CF,","(718) 624-0604,(718) 624-0604",https://www.localsaver.com/10001/brooklyn-gyn-place-nyc?dsc=MYDS&bizid=52091661,Brooklyn
"http://www.rothbuiltworks.com?utm_source=localsaver,http://www.rothbuiltworks.com?utm_source=localsaver",Roth Built Works Inc.,"215 Park Ave S, 6FL","(646) 350-1122,(646) 350-1122",https://www.localsaver.com/10001/roth-built-works-inc-?dsc=MYDS&bizid=52046407,New York
"http://www.toptanzanite.com?utm_source=localsaver,http://www.toptanzanite.com?utm_source=localsaver",TopTanzanite,15 WEST 47TH STREET,"(888) 243-9192,(888) 243-9192",https://www.localsaver.com/10001/toptanzanite?dsc=MYDS&bizid=52051401,New York
,Market Place,,,https://www.localsaver.com/10001/market-place?dsc=RSTRT&bizid=295311,Manhattan
"http://www.dgdentallab.com?utm_source=localsaver,http://www.dgdentallab.com?utm_source=localsaver",Dental Crowns Lab,28-10 Queens Plz S,"(917) 793-0475,(917) 793-0475",https://www.localsaver.com/10001/dental-crowns-lab?dsc=MYDS&bizid=52083380,Long Island City
"http://www.vztravel.com?utm_source=localsaver,http://www.vztravel.com?utm_source=localsaver",VZ TRAVEL Luxury Car & Limousine Service,,"(212) 256-1770,(212) 256-1770",https://www.localsaver.com/10001/vz-travel-luxury-car-limousine-service?dsc=MYDS&bizid=52043127,
"http://www.bridgengroup.com?utm_source=localsaver,http://www.bridgengroup.com?utm_source=localsaver",Bridgen Group Inc.,,"(917) 387-0534,(917) 387-0534",https://www.localsaver.com/10001/bridgen-group-inc-?dsc=MYDS&bizid=52061389,
"http://www.Divorce299.com?utm_source=localsaver,http://www.Divorce299.com?utm_source=localsaver",Divorce299.com,"469 Fashion Avenue, Ste 743","(212) 359-9352,(212) 359-9352",https://www.localsaver.com/10001/divorce299-com?dsc=MYDS&bizid=52035195,New York
,Best Wingers Express,,,https://www.localsaver.com/10001/best-wingers-express?dsc=RSTRT&bizid=292701,New York
"http://airporttransfersny.com?utm_source=localsaver,http://airporttransfersny.com?utm_source=localsaver",Airport Transfers,,"(646) 844-9095,(646) 844-9095",https://www.localsaver.com/10001/airport-transfers?dsc=MYDS&bizid=52089338,
"http://www.isodevelopers.com?utm_source=localsaver,http://www.isodevelopers.com?utm_source=localsaver",ISO Developers,45 Rockefeller Plaza Suite 2000,"(888) 429-0503,(888) 429-0503",https://www.localsaver.com/10001/iso-developers?dsc=MYDS&bizid=52051492,New York
"http://www.TheGreenAide.com?utm_source=localsaver,http://www.TheGreenAide.com?utm_source=localsaver",The Green Aide,450 Lexington Avenue #891,"(917) 524-8034,(917) 524-8034",https://www.localsaver.com/10001/the-green-aide?dsc=MYDS&bizid=52053161,New York
"Http://www.extrapirouette.com?utm_source=localsaver,Http://www.extrapirouette.com?utm_source=localsaver",Extra pirouette,520 8th ave between 36th and 37th st.,"(646) 736-9597,(646) 736-9597",https://www.localsaver.com/10001/extra-pirouette?dsc=MYDS&bizid=52020160,New York
"http://Joyindance.com?utm_source=localsaver,http://Joyindance.com?utm_source=localsaver",Joy in Dance,37 west 37th street,"(212) 662-0708,(212) 662-0708",https://www.localsaver.com/10001/joy-in-dance?dsc=MYDS&bizid=52035060,New York
,Silvano Pizzeria,,,https://www.localsaver.com/10001/silvano-pizzeria?dsc=RSTRT&bizid=305773,New York
"http://www.citymaidservice.net?utm_source=localsaver,http://www.citymaidservice.net?utm_source=localsaver",City Maid Service,303 Park Avenue South,"(212) 871-8887,(212) 871-8887",https://www.localsaver.com/10001/city-maid-service?dsc=MYDS&bizid=52006313,New York
,Karizma Restaurant,,,https://www.localsaver.com/10001/karizma-restaurant?dsc=RSTRT&bizid=306716,New York
,Locanut,344 3rd Ave,"(646) 499-3373,(646) 499-3373",https://www.localsaver.com/10001/locanut?dsc=RSTRT&bizid=282498,New York
"http://tracking.groupon.com/r?tsToken=US_AFF_0_201747_212556_0&url=https%3A%2F%2Fwww.groupon.com%2Fdeals%2Ffinish-line-physical-therapy%3Fz%3Dskip%26utm_medium%3Dafl%26utm_campaign%3D201747%26mediaId%3D212556%26utm_source%3DGPN&utm_source=localsaver,http://tracking.groupon.com/r?tsToken=US_AFF_0_201747_212556_0&url=https%3A%2F%2Fwww.groupon.com%2Fdeals%2Ffinish-line-physical-therapy%3Fz%3Dskip%26utm_medium%3Dafl%26utm_campaign%3D201747%26mediaId%3D212556%26utm_source%3DGPN&utm_source=localsaver",Finish Line Physical Therapy,119 W. 23rd St.,"(212) 486-8573,(212) 486-8573",https://www.localsaver.com/10001/finish-line-physical-therapy?dsc=GPNDL&bizid=725AE27B6AC78481622B1231A0F624F6,New York
,Krust Pizzeria,,,https://www.localsaver.com/10001/krust-pizzeria?dsc=RSTRT&bizid=290411,New York
"https://www.nynewyorklocksmith.com?utm_source=localsaver,https://www.nynewyorklocksmith.com?utm_source=localsaver",Eddie and Sons Locksmith - NYC,Serving area,"(646) 459-4358,(646) 459-4358",https://www.localsaver.com/10001/eddie-and-sons-locksmith-nyc?dsc=MYDS&bizid=52042231,New York
,The Organic Salad,,"(212) 726-2052,(212) 726-2052",https://www.localsaver.com/10001/the-organic-salad?dsc=MYDS&bizid=52050402,
"http://capitalcitymovers.us/?utm_source=localsaver,http://capitalcitymovers.us/?utm_source=localsaver",Capital City Movers NYC,333 E 109th St,"(718) 619-4881,(718) 619-4881",https://www.localsaver.com/10001/capital-city-movers-nyc?dsc=MYDS&bizid=52073268,New York
"https://www.nycdentalimplantscenter.com?utm_source=localsaver,https://www.nycdentalimplantscenter.com?utm_source=localsaver",NYC Dental Implants Center,"225 East 64th St, Ste 1B","(212) 256-0000,(212) 256-0000",https://www.localsaver.com/10001/nyc-dental-implants-center?dsc=MYDS&bizid=52065875,New York
,Horus Cafe on A,,,https://www.localsaver.com/10001/horus-cafe-on-a?dsc=RSTRT&bizid=308087,New York
"http://WWW.AHAVAVIDASTUDIO.COM?utm_source=localsaver,http://WWW.AHAVAVIDASTUDIO.COM?utm_source=localsaver",AHAVA VIDA STUDIO DENTAL LABORATORY,555 Madison Avenue,"(646) 808-5001,(646) 808-5001",https://www.localsaver.com/10001/ahava-vida-studio-dental-laboratory?dsc=MYDS&bizid=52051453,New York
"https://legalcleanup.com/?utm_source=localsaver,https://legalcleanup.com/?utm_source=localsaver","Legal Cleanup powered by Vonnie C. Dones, III ESQ.",,"(929) 251-4576,(929) 251-4576",https://www.localsaver.com/10001/legal-cleanup-powered-by-vonnie-c-dones-iii-esq-?dsc=MYDS&bizid=52040763,
,RED COMPASS,,,https://www.localsaver.com/10001/red-compass?dsc=RSTRT&bizid=305483,New York
"http://halloween-costumes.amazon.com-discounts.com?utm_source=localsaver,http://halloween-costumes.amazon.com-discounts.com?utm_source=localsaver",New York Halloween Costume Delivery,,"(929) 265-0566,(929) 265-0566",https://www.localsaver.com/10001/new-york-halloween-costume-delivery?dsc=MYDS&bizid=52050750,
,Cavalino's Bar and Restaurant,6800 Park Avenue,"(201) 662-7118,(201) 662-7118",https://www.localsaver.com/10001/cavalino-s-bar-and-restaurant?dsc=RSTRT&bizid=175301,Guttenburg
"https://www.valpak.com/coupons/printable/lotus-smiles/164238?addressId=245376&vpref=localsaver-syn&utm_source=localsaver,https://www.valpak.com/coupons/printable/lotus-smiles/164238?addressId=245376&vpref=localsaver-syn&utm_source=localsaver",Lotus Smiles,"201 Marin Blvd, Unit 3c","(201) 433-8600,(201) 433-8600",https://www.localsaver.com/10001/lotus-smiles?dsc=VALPK&bizid=245376,Jersey City
,Casa La Femme,,,https://www.localsaver.com/10001/casa-la-femme?dsc=RSTRT&bizid=288319,New York
"http://localhost.com?utm_source=localsaver,http://localhost.com?utm_source=localsaver",Local Host Jr.,,"(917) 794-8569,(917) 794-8569",https://www.localsaver.com/10001/local-host-jr-?dsc=MYDS&bizid=52043139,
"http://www.laviezenspa.com?utm_source=localsaver,http://www.laviezenspa.com?utm_source=localsaver",La Vie Zen Spa,"420 Madison Avenue, At 48th Street - 2nd Floor","(212) 207-8220,(212) 207-8220",https://www.localsaver.com/10001/la-vie-zen-spa?dsc=BDSP&bizid=12558667,New York
,PRIMAVERA PIZZA AND PASTA,,,https://www.localsaver.com/10001/primavera-pizza-and-pasta?dsc=RSTRT&bizid=290440,Manhattan
"http://solarnyc.wix.com/headshotsandreels?utm_source=localsaver,http://solarnyc.wix.com/headshotsandreels?utm_source=localsaver",Solar NYC Headshots & Reels,,"(212) 473-3040,(212) 473-3040",https://www.localsaver.com/10001/solar-nyc-headshots-reels?dsc=MYDS&bizid=52057735,
"http://tracking.groupon.com/r?tsToken=US_AFF_0_201747_212556_0&url=https%3A%2F%2Fwww.groupon.com%2Fdeals%2Fbravo-texas-acupuncture-wellness-1%3Fz%3Dskip%26utm_medium%3Dafl%26utm_source%3DGPN%26utm_campaign%3D201747%26mediaId%3D212556&utm_source=localsaver,http://tracking.groupon.com/r?tsToken=US_AFF_0_201747_212556_0&url=https%3A%2F%2Fwww.groupon.com%2Fdeals%2Fbravo-texas-acupuncture-wellness-1%3Fz%3Dskip%26utm_medium%3Dafl%26utm_source%3DGPN%26utm_campaign%3D201747%26mediaId%3D212556&utm_source=localsaver",Columbus Circle Acupuncture Wellness,330 West 58th Street,"(121) 224-5212,(121) 224-5212",https://www.localsaver.com/10001/columbus-circle-acupuncture-wellness?dsc=GPNDL&bizid=90A9ACF31B1945155ABD7BAAC7DE9129,New York
,JadeDragon Kung Fu,28 West 27th Street,"(347) 781-5576,(347) 781-5576",https://www.localsaver.com/10001/jadedragon-kung-fu?dsc=MYDS&bizid=52025983,New York
,Just Delicious,,,https://www.localsaver.com/10001/just-delicious?dsc=RSTRT&bizid=305460,New York
,THE DL,,,https://www.localsaver.com/10001/the-dl?dsc=RSTRT&bizid=204582,New York
"https://www.centurymedicaldental.com?utm_source=localsaver,https://www.centurymedicaldental.com?utm_source=localsaver",Century Medical & Dental Center (Downtown Brooklyn),200 Livingston Street,"(718) 522-3399,(718) 522-3399",https://www.localsaver.com/10001/century-medical-dental-center-downtown-brooklyn-?dsc=MYDS&bizid=52091702,Brooklyn
"http://www.besttraveldealz.com?utm_source=localsaver,http://www.besttraveldealz.com?utm_source=localsaver",Airlink International holidays,,"(646) 469-9333,(646) 469-9333",https://www.localsaver.com/10001/airlink-international-holidays?dsc=MYDS&bizid=52037522,
"http://www.Gate-Repair-nyc.net?utm_source=localsaver,http://www.Gate-Repair-nyc.net?utm_source=localsaver",Gate Repair NYC,310 E 55th St #114,"(718) 885-4948,(718) 885-4948",https://www.localsaver.com/10001/gate-repair-nyc?dsc=MYDS&bizid=52056436,New York
,Diamond SG loan lenders Services,"790 7th Avenue, At 50th Street","(646) 762-1043,(646) 762-1043",https://www.localsaver.com/10001/diamond-sg-loan-lenders-services?dsc=MYDS&bizid=52031559,New York
,La Vela Dining & Bar,,,https://www.localsaver.com/10001/la-vela-dining-bar?dsc=RSTRT&bizid=285810,New York
"http://tracking.groupon.com/r?tsToken=US_AFF_0_201747_212556_0&url=https%3A%2F%2Fwww.groupon.com%2Fdeals%2Fmust-see-central-park-3%3Fz%3Dskip%26utm_medium%3Dafl%26utm_campaign%3D201747%26mediaId%3D212556%26utm_source%3DGPN&utm_source=localsaver,http://tracking.groupon.com/r?tsToken=US_AFF_0_201747_212556_0&url=https%3A%2F%2Fwww.groupon.com%2Fdeals%2Fmust-see-central-park-3%3Fz%3Dskip%26utm_medium%3Dafl%26utm_campaign%3D201747%26mediaId%3D212556%26utm_source%3DGPN&utm_source=localsaver",Must See Central Park,56 West 56th Street,"(212) 975-0785,(212) 975-0785",https://www.localsaver.com/10001/must-see-central-park?dsc=GPNDL&bizid=C5D91E68B908AAC8D18262477F757F23,New York
"http://www.wasntme.net/cheaper-than-groupon/?utm_source=localsaver,http://www.wasntme.net/cheaper-than-groupon/?utm_source=localsaver",Adrienne Unae,"318 W. 53 Street, between 8th and 9th Avenue","(917) 564-5530,(917) 564-5530",https://www.localsaver.com/10001/adrienne-unae?dsc=MYDS&bizid=52030522,New York
"http://www.gemstoneandjewelry.com?utm_source=localsaver,http://www.gemstoneandjewelry.com?utm_source=localsaver",Dashrath International,,"(480) 704-4020,(480) 704-4020",https://www.localsaver.com/10001/dashrath-international?dsc=MYDS&bizid=52020629,
"http://curvygoddessworkout.com?utm_source=localsaver,http://curvygoddessworkout.com?utm_source=localsaver",Personal Trainer NYC Curvy Goddess,511 Avenue of the Americas,"(646) 812-6887,(646) 812-6887",https://www.localsaver.com/10001/personal-trainer-nyc-curvy-goddess?dsc=MYDS&bizid=52021723,New York
"http://www.joanwarrentherapy.com?utm_source=localsaver,http://www.joanwarrentherapy.com?utm_source=localsaver",Joan Warren Therapy,280 Madison Ave. Suite 208,"(917) 284-3184,(917) 284-3184",https://www.localsaver.com/10001/joan-warren-therapy?dsc=BDSP&bizid=12601591,New York
"https://www.thewomenschoice.com?utm_source=localsaver,https://www.thewomenschoice.com?utm_source=localsaver",Professional Gynecological Services NYC,"14 Dekalb Ave, 2nd Floor,","(718) 875-4848,(718) 875-4848",https://www.localsaver.com/10001/professional-gynecological-services-nyc?dsc=MYDS&bizid=52091668,Brooklyn
"https://www.brooklynabortionclinic.nyc?utm_source=localsaver,https://www.brooklynabortionclinic.nyc?utm_source=localsaver",Brooklyn Abortion Clinic NYC,14 DeKalb Avenue 4 floor,"(718) 369-1900,(718) 369-1900",https://www.localsaver.com/10001/brooklyn-abortion-clinic-nyc?dsc=MYDS&bizid=52091662,Brooklyn
"Http://www.bizplify.com?utm_source=localsaver,Http://www.bizplify.com?utm_source=localsaver",Bizplify | Your Business Simplified,"9 West 19th Street, 2nd Floor","(800) 770-2249,(800) 770-2249",https://www.localsaver.com/10001/bizplify-your-business-simplified?dsc=MYDS&bizid=52024781,New York
"http://www.nycdentalcenter.com?utm_source=localsaver,http://www.nycdentalcenter.com?utm_source=localsaver",NYC Dental Center,216 East 39th St,"(646) 861-3070,(646) 861-3070",https://www.localsaver.com/10001/nyc-dental-center?dsc=MYDS&bizid=52026429,New York
"http://www.schoolforthedogs.com/#?utm_source=localsaver,http://www.schoolforthedogs.com/#?utm_source=localsaver",School For The Dogs,"01 Gramercy Park, 3rd and 17th Street","(212) 353-8538,(212) 353-8538",https://www.localsaver.com/10001/school-for-the-dogs?dsc=BDSP&bizid=12558416,New York
"http://www.paulpsychicmedium.weebly.com?utm_source=localsaver,http://www.paulpsychicmedium.weebly.com?utm_source=localsaver",Paul - Psychic - Life Coach,1440 broadway,"(917) 318-0239,(917) 318-0239",https://www.localsaver.com/10001/paul-psychic-life-coach?dsc=MYDS&bizid=52018666,New York
"http://nycbedbuginspections.com?utm_source=localsaver,http://nycbedbuginspections.com?utm_source=localsaver",NYC BedBug Inspections & Packtite Heater Rentals,200 E. 10th. St. #281,"(212) 299-9186,(212) 299-9186",https://www.localsaver.com/10001/nyc-bedbug-inspections-packtite-heater-rentals?dsc=MYDS&bizid=52015465,New York City
"http://www.citiarrow.com?utm_source=localsaver,http://www.citiarrow.com?utm_source=localsaver",Citi Arrow,,"(212) 629-1976,(212) 629-1976",https://www.localsaver.com/10001/citi-arrow?dsc=MYDS&bizid=52026240,
"http://www.tyhealthinsurance.com?utm_source=localsaver,http://www.tyhealthinsurance.com?utm_source=localsaver",TY Health Insurance Brokerage,420 Lexington Avenue Suite 300,"(212) 796-4373,(212) 796-4373",https://www.localsaver.com/10001/ty-health-insurance-brokerage?dsc=MYDS&bizid=52022410,New York
"http://www.lescandal.com?utm_source=localsaver,http://www.lescandal.com?utm_source=localsaver",Le Scandal Cabaret,407 W. 42nd St.,"(917) 558-0646,(917) 558-0646",https://www.localsaver.com/10001/le-scandal-cabaret?dsc=MYDS&bizid=52008518,NYC
,TUT Restaurant & Lounge,,,https://www.localsaver.com/10001/tut-restaurant-lounge?dsc=RSTRT&bizid=292224,New York
"http://www.esianmall.com/?utm_source=localsaver,http://www.esianmall.com/?utm_source=localsaver",Esianmall,"222 Broadway 19th floor, New York","(973) 256-2341,(973) 256-2341",https://www.localsaver.com/10001/esianmall?dsc=MYDS&bizid=52067278,New York
,Gina Mexicana,,,https://www.localsaver.com/10001/gina-mexicana?dsc=RSTRT&bizid=286041,New York
"http://tracking.groupon.com/r?tsToken=US_AFF_0_201747_212556_0&url=https%3A%2F%2Fwww.groupon.com%2Fdeals%2Fmai-nail-spa-salon%3Fz%3Dskip%26utm_medium%3Dafl%26utm_campaign%3D201747%26mediaId%3D212556%26utm_source%3DGPN&utm_source=localsaver,http://tracking.groupon.com/r?tsToken=US_AFF_0_201747_212556_0&url=https%3A%2F%2Fwww.groupon.com%2Fdeals%2Fmai-nail-spa-salon%3Fz%3Dskip%26utm_medium%3Dafl%26utm_campaign%3D201747%26mediaId%3D212556%26utm_source%3DGPN&utm_source=localsaver",Mai Nail & Spa Salon,212 West 79th Street Suite 1D,"(212) 595-3300,(212) 595-3300",https://www.localsaver.com/10001/mai-nail-spa-salon?dsc=GPNDL&bizid=6135F4C866A394E085D7B21E3630288D,New York
"http://www.rejuvenationny.com?utm_source=localsaver,http://www.rejuvenationny.com?utm_source=localsaver",Rejuvenation New York,"30 East 60th Street, suite 1400","(212) 245-0070,(212) 245-0070",https://www.localsaver.com/10001/rejuvenation-new-york?dsc=MYDS&bizid=52000976,New York
"http://www.renisherrobertstherapy.com/?utm_source=localsaver,http://www.renisherrobertstherapy.com/?utm_source=localsaver","Renisher Roberts, Psychotherapist LMHC",304 Park Ave S,"(917) 216-1025,(917) 216-1025",https://www.localsaver.com/10001/renisher-roberts-psychotherapist-lmhc?dsc=BDSP&bizid=12605150,New York
"http://mayfairplacementservices.com?utm_source=localsaver,http://mayfairplacementservices.com?utm_source=localsaver",MAYFAIR PLACEMENT SERVICES (Nanny & Household Staffing),10 East 39th Street,"(212) 297-0262,(212) 297-0262",https://www.localsaver.com/10001/mayfair-placement-services-nanny-household-staffing-?dsc=MYDS&bizid=52017589,New York
"http://olyshairsalon.com?utm_source=localsaver,http://olyshairsalon.com?utm_source=localsaver","OLY""s Hairsalon INC.",210 East 21 street,"(212) 673-2800,(212) 673-2800",https://www.localsaver.com/10001/oly-s-hairsalon-inc-?dsc=MYDS&bizid=52017894,New York
"http://www.mynycpersonaltrainer.com/?utm_source=localsaver,http://www.mynycpersonaltrainer.com/?utm_source=localsaver","Roy Hanson ""Fitness Trainer""",480 2nd Ave,"(347) 691-6895,(347) 691-6895",https://www.localsaver.com/10001/roy-hanson-fitness-trainer-?dsc=MYDS&bizid=52016670,New York
"http://www.brooklyngynplace.com?utm_source=localsaver,http://www.brooklyngynplace.com?utm_source=localsaver",Brooklyn GYN Place,"142 Joralemon Street, #4CF","(718) 624-0604,(718) 624-0604",https://www.localsaver.com/10001/brooklyn-gyn-place?dsc=MYDS&bizid=52074211,Brooklyn
"http://www.receptionacademy.com?utm_source=localsaver,http://www.receptionacademy.com?utm_source=localsaver",Reception Academy,708 Third Avenue,"(212) 209-3836,(212) 209-3836",https://www.localsaver.com/10001/reception-academy?dsc=MYDS&bizid=52032181,New York
,TAGINE,221 W 38th Street,"(646) 373-6265,(646) 373-6265",https://www.localsaver.com/10001/tagine?dsc=RSTRT&bizid=33561,New York
"https://imaxshift.com/?utm_source=localsaver,https://imaxshift.com/?utm_source=localsaver",IMAXShift,127 Plymouth Street,"(718) 858-1200,(718) 858-1200",https://www.localsaver.com/10001/imaxshift?dsc=MYDS&bizid=52065262,Brooklyn
"http://www.wholesaleprintingnyc.com?utm_source=localsaver,http://www.wholesaleprintingnyc.com?utm_source=localsaver",Wholesale Printing NYC,725 5th Ave.,"(646) 727-7754,(646) 727-7754",https://www.localsaver.com/10001/wholesale-printing-nyc?dsc=MYDS&bizid=52031066,New York
"http://everyoneneedstherapy.com/?utm_source=localsaver,http://everyoneneedstherapy.com/?utm_source=localsaver","Maggie C. Vaughan, MFT, PHD","330 W. 58th Street, Suite 203","(917) 856-8110,(917) 856-8110",https://www.localsaver.com/10001/maggie-c-vaughan-mft-phd?dsc=BDSP&bizid=12601516,New York
,Vella Wine Bar & Kitchen,1480 2nd Avenue,"(212) 335-0456,(212) 335-0456",https://www.localsaver.com/10001/vella-wine-bar-kitchen?dsc=RSTRT&bizid=255658,New York
,Intermezzo,202 8th Ave,"(212) 929-3433,(212) 929-3433",https://www.localsaver.com/10001/intermezzo?dsc=RSTRT&bizid=49598,New York
,IL Forno,713 8th Ave,"(212) 247-1978,(212) 247-1978",https://www.localsaver.com/10001/il-forno?dsc=RSTRT&bizid=207096,New York
,Curry Dream,66 West 39th Street,"(212) 810-4125,(212) 810-4125",https://www.localsaver.com/10001/curry-dream?dsc=RSTRT&bizid=40153,New York
,Slate,54 West 21st Street Ground,"(212) 989-0096,(212) 989-0096",https://www.localsaver.com/10001/slate?dsc=RSTRT&bizid=34130,New York
,Jubilee,948 1st Ave,"(212) 888-3569,(212) 888-3569",https://www.localsaver.com/10001/jubilee?dsc=RSTRT&bizid=275847,New York
,Taj 2,48 W. 21st Street,"(212) 620-3033,(212) 620-3033",https://www.localsaver.com/10001/taj-2?dsc=RSTRT&bizid=27384,New York
"http://www.action1restoration.net?utm_source=localsaver,http://www.action1restoration.net?utm_source=localsaver",Action 1 Restoration,4318 Bingamon Branch Road,"(877) 246-8788,(877) 246-8788",https://www.localsaver.com/10001/action-1-restoration?dsc=MYDS&bizid=52027140,New York
"http://www.SustenCorp.com?utm_source=localsaver,http://www.SustenCorp.com?utm_source=localsaver",SustenCorp,"1221 Avenue of the Americas, Suite 4200","(646) 417-4947,(646) 417-4947",https://www.localsaver.com/10001/sustencorp?dsc=MYDS&bizid=52011962,New York
"http://skincareepic.com?utm_source=localsaver,http://skincareepic.com?utm_source=localsaver",skincareepic.com,,"000000000,000000000",https://www.localsaver.com/10001/skincareepic-com?dsc=MYDS&bizid=52053796,
,Bateaux New York Cruises,"Chelsea Piers, Peir 61","(866) 433-9283,(866) 433-9283",https://www.localsaver.com/10001/bateaux-new-york-cruises?dsc=RSTRT&bizid=59427,New York
,Spirit Cruises,Pier 62 Chelsea Piers,"(866) 211-3805,(866) 211-3805",https://www.localsaver.com/10001/spirit-cruises?dsc=RSTRT&bizid=32603,New York
,Uncle Mario's Brick Oven Pizza,739 9th Avenue,"(212) 333-5433,(212) 333-5433",https://www.localsaver.com/10001/uncle-mario-s-brick-oven-pizza?dsc=RSTRT&bizid=216445,New York
"http://www.FamGroup.net?utm_source=localsaver,http://www.FamGroup.net?utm_source=localsaver",FamGroup,149 Madison Avenue Suite#1152,"+1 (212) 470-0761,+1 (212) 470-0761",https://www.localsaver.com/10001/famgroup?dsc=MYDS&bizid=52003150,New York
"http://www.chef28.com?utm_source=localsaver,http://www.chef28.com?utm_source=localsaver",chef 28 rest,29 east 28 st,"(212) 685-1520,(212) 685-1520",https://www.localsaver.com/10001/chef-28-rest?dsc=MYDS&bizid=52007892,New York
"http://hitechcentralair.com?utm_source=localsaver,http://hitechcentralair.com?utm_source=localsaver",HI TECH CENTRAL AIR INC.,954 lexington ave. #218,"(718) 577-7875,(718) 577-7875",https://www.localsaver.com/10001/hi-tech-central-air-inc-?dsc=MYDS&bizid=52051342,manhattan
"http://www.danygenie.com?utm_source=localsaver,http://www.danygenie.com?utm_source=localsaver",Danygenie,"673 Lexington Ave, Filles Et Garcons Salon","(917) 753-7478,(917) 753-7478",https://www.localsaver.com/10001/danygenie?dsc=MYDS&bizid=52017027,New York
"http://Walkthroughny.com?utm_source=localsaver,http://Walkthroughny.com?utm_source=localsaver",WalkThroughNY,321 Ave C,"(347) 449-0176,(347) 449-0176",https://www.localsaver.com/10001/walkthroughny?dsc=MYDS&bizid=52039426,New York
"http://www.brazil-ahead.com/kids/?utm_source=localsaver,http://www.brazil-ahead.com/kids/?utm_source=localsaver","Brazil Ahead Language School, Inc.",380 Lexington Ave - 17th floor,"(646) 567-7133,(646) 567-7133",https://www.localsaver.com/10001/brazil-ahead-language-school-inc-?dsc=BDSP&bizid=12587450,New York
,Maria Pia,319 W 51ST ST,"(212) 765-6463,(212) 765-6463",https://www.localsaver.com/10001/maria-pia?dsc=RSTRT&bizid=227205,NEW YORK
,Excell's Kingston Eatery,90 Kent Ave,"(917) 244-1046,(917) 244-1046",https://www.localsaver.com/10001/excell-s-kingston-eatery?dsc=RSTRT&bizid=242865,Brooklyn
,Toum,49 W 46th St,"(917) 868-6350,(917) 868-6350",https://www.localsaver.com/10001/toum?dsc=RSTRT&bizid=233157,New York
,The Garden Grille & Bar,206 E 52nd St,"(212) 794-6000,(212) 794-6000",https://www.localsaver.com/10001/the-garden-grille-bar?dsc=RSTRT&bizid=262388,New York
,ANTALIA,17 W 45th Street,"(212) 221-3333,(212) 221-3333",https://www.localsaver.com/10001/antalia?dsc=RSTRT&bizid=181975,New York
"http://www.thewomenschoice.com?utm_source=localsaver,http://www.thewomenschoice.com?utm_source=localsaver",Professional Gynecological Services,"14 Dekalb Ave, 2nd Floor","(718) 875-4848,(718) 875-4848",https://www.localsaver.com/10001/professional-gynecological-services?dsc=MYDS&bizid=52074217,Brooklyn
"http://www.24locksmithmanhattanny.com?utm_source=localsaver,http://www.24locksmithmanhattanny.com?utm_source=localsaver",Jesuits locksmith,1177 Avenue of the Americas,"(646) 661-2021,(646) 661-2021",https://www.localsaver.com/10001/jesuits-locksmith?dsc=MYDS&bizid=52006156,New York
"http://amgmovingcompany.com/?utm_source=localsaver,http://amgmovingcompany.com/?utm_source=localsaver",AMG Moving Company NJ,121 Newark Ave,"(201) 690-1905,(201) 690-1905",https://www.localsaver.com/10001/amg-moving-company-nj?dsc=MYDS&bizid=52073788,Jersey City
"http://tracking.groupon.com/r?tsToken=US_AFF_0_201747_212556_0&url=https%3A%2F%2Fwww.groupon.com%2Fdeals%2Fperfect-look-threading-salon%3Fz%3Dskip%26utm_medium%3Dafl%26utm_campaign%3D201747%26mediaId%3D212556%26utm_source%3DGPN&utm_source=localsaver,http://tracking.groupon.com/r?tsToken=US_AFF_0_201747_212556_0&url=https%3A%2F%2Fwww.groupon.com%2Fdeals%2Fperfect-look-threading-salon%3Fz%3Dskip%26utm_medium%3Dafl%26utm_campaign%3D201747%26mediaId%3D212556%26utm_source%3DGPN&utm_source=localsaver",Classic Brows,845 Lexington Ave.,"(212) 249-4907,(212) 249-4907",https://www.localsaver.com/10001/classic-brows?dsc=GPNDL&bizid=F80482F6E3D8D6AF8F8C0FEEA3CA7F2A,Manhattan
,PICK & PAY GYRO,30 Lexington Ave,"(212) 387-8200,(212) 387-8200",https://www.localsaver.com/10001/pick-pay-gyro?dsc=RSTRT&bizid=228883,New York
"http://na?utm_source=localsaver,http://na?utm_source=localsaver",award winner psychic,,"(888) 240-8090,(888) 240-8090",https://www.localsaver.com/10001/award-winner-psychic?dsc=MYDS&bizid=52013029,
,Inti NYC Restaurant,820 10TH AVE,"(646) 596-9216,(646) 596-9216",https://www.localsaver.com/10001/inti-nyc-restaurant?dsc=RSTRT&bizid=186626,New York
"http://www.rjspest.com/?utm_source=localsaver,http://www.rjspest.com/?utm_source=localsaver",RJS Pest Management,286 Madison Avenue #502,"(212) 896-1299,(212) 896-1299",https://www.localsaver.com/10001/rjs-pest-management?dsc=MYDS&bizid=52000362,New York
"http://www.famoussichuanofnewyork.com?utm_source=localsaver,http://www.famoussichuanofnewyork.com?utm_source=localsaver",famous sichuan,10 pell street,"(212) 233-3888,(212) 233-3888",https://www.localsaver.com/10001/famous-sichuan?dsc=MYDS&bizid=52057898,New York
,Mama Jo's Breakfast Cart,47th St and Park Ave,"(516) 476-1360,(516) 476-1360",https://www.localsaver.com/10001/mama-jo-s-breakfast-cart?dsc=RSTRT&bizid=251320,New York
"http://www.limorentalhoboken.com?utm_source=localsaver,http://www.limorentalhoboken.com?utm_source=localsaver",Limo Rental of Hoboken,330 Washington St. Ste 144,"(201) 995-6995,(201) 995-6995",https://www.localsaver.com/10001/limo-rental-of-hoboken?dsc=MYDS&bizid=52057872,Hoboken
"http://foreveramourbridal.com/?utm_source=localsaver,http://foreveramourbridal.com/?utm_source=localsaver",Forever Amour Bridal,1089 Second Avenue,"(212) 486-2900,(212) 486-2900",https://www.localsaver.com/10001/forever-amour-bridal?dsc=MYDS&bizid=52000462,New York
,Esperanto,145 Avenue C,"(212) 505-6559,(212) 505-6559",https://www.localsaver.com/10001/esperanto?dsc=RSTRT&bizid=273290,New York
"http://metropolitanbuyers.com?utm_source=localsaver,http://metropolitanbuyers.com?utm_source=localsaver",Metropolitan Buyers,47 West 47th Street #2C,"(646) 820-3052,(646) 820-3052",https://www.localsaver.com/10001/metropolitan-buyers?dsc=MYDS&bizid=52004517,New York
"http://www.bevelpayment.com?utm_source=localsaver,http://www.bevelpayment.com?utm_source=localsaver",Bevel Payment Solutions,551 Grand Street,"(888) 650-6444,(888) 650-6444",https://www.localsaver.com/10001/bevel-payment-solutions?dsc=MYDS&bizid=52062151,New York
"http://novadds.com?utm_source=localsaver,http://novadds.com?utm_source=localsaver",Nova Dental,919 2nd Ave (2nd Floor),"(212) 968-7888,(212) 968-7888",https://www.localsaver.com/10001/nova-dental?dsc=MYDS&bizid=52013908,New York
"http://pearlsalonny.com?utm_source=localsaver,http://pearlsalonny.com?utm_source=localsaver",Pearl Salon,244 East 60th st,"(212) 355-1035,(212) 355-1035",https://www.localsaver.com/10001/pearl-salon?dsc=MYDS&bizid=52004313,New York
"http://www.six8studios.com?utm_source=localsaver,http://www.six8studios.com?utm_source=localsaver",6/8 Studios,,"(917) 903-6772,(917) 903-6772",https://www.localsaver.com/10001/6-8-studios?dsc=MYDS&bizid=52022755,
"http://cheapcarinsurancebrooklyn.info/?utm_source=localsaver,http://cheapcarinsurancebrooklyn.info/?utm_source=localsaver",Williams Cheap Car Insurance Brooklyn,586 Broadway,"(929) 244-2557,(929) 244-2557",https://www.localsaver.com/10001/williams-cheap-car-insurance-brooklyn?dsc=MYDS&bizid=52090693,Brooklyn
"http://tracking.groupon.com/r?tsToken=US_AFF_0_201747_212556_0&url=https%3A%2F%2Fwww.groupon.com%2Fdeals%2Fmichael-s-optical%3Fz%3Dskip%26utm_medium%3Dafl%26utm_campaign%3D201747%26mediaId%3D212556%26utm_source%3DGPN&utm_source=localsaver,http://tracking.groupon.com/r?tsToken=US_AFF_0_201747_212556_0&url=https%3A%2F%2Fwww.groupon.com%2Fdeals%2Fmichael-s-optical%3Fz%3Dskip%26utm_medium%3Dafl%26utm_campaign%3D201747%26mediaId%3D212556%26utm_source%3DGPN&utm_source=localsaver",Michael's Optical,1153 2nd Avenue,"(212) 421-3655,(212) 421-3655",https://www.localsaver.com/10001/michael-s-optical?dsc=GPNDL&bizid=A7E71045365CB9B62757422494140661,New York
"http://www.miaticonyc.com?utm_source=localsaver,http://www.miaticonyc.com?utm_source=localsaver",Mi Atico,27 barrow st,"(347) 283-7921,(347) 283-7921",https://www.localsaver.com/10001/mi-atico?dsc=BDSP&bizid=12588119,New York
"https://www.valpak.com/coupons/printable/sweet-intentions/164764?addressId=245851&vpref=localsaver-syn&utm_source=localsaver,https://www.valpak.com/coupons/printable/sweet-intentions/164764?addressId=245851&vpref=localsaver-syn&utm_source=localsaver",Sweet Intentions,306 Court St,"(212) 576-3770,(212) 576-3770",https://www.localsaver.com/10001/sweet-intentions?dsc=VALPK&bizid=245851,Brooklyn
"http://jamroecleaningservice.com?utm_source=localsaver,http://jamroecleaningservice.com?utm_source=localsaver",Jamroe Cleaning Service,75 West End Ave,"(347) 534-3146,(347) 534-3146",https://www.localsaver.com/10001/jamroe-cleaning-service?dsc=BDSP&bizid=12558117,Manhattan
"https://www.centurymedicaldental.com?utm_source=localsaver,https://www.centurymedicaldental.com?utm_source=localsaver",Century Medical & Dental Center,200 Livingston Street,"(718) 522-3399,(718) 522-3399",https://www.localsaver.com/10001/century-medical-dental-center?dsc=MYDS&bizid=52075740,Brooklyn
"http://www.alexmorellimusic.com?utm_source=localsaver,http://www.alexmorellimusic.com?utm_source=localsaver",Alex Morelli Music,,"(201) 674-0430,(201) 674-0430",https://www.localsaver.com/10001/alex-morelli-music?dsc=MYDS&bizid=52033729,
,Alcala Restaurant,246 E 44th Street,"(212) 370-1866,(212) 370-1866",https://www.localsaver.com/10001/alcala-restaurant?dsc=RSTRT&bizid=233076,New York
,Numero 28 East Village Pizzeria Napoletana,176 2nd Ave,"(212) 777-1555,(212) 777-1555",https://www.localsaver.com/10001/numero-28-east-village-pizzeria-napoletana?dsc=RSTRT&bizid=48723,New York
"http://www.showsandexpos.com/?utm_source=localsaver,http://www.showsandexpos.com/?utm_source=localsaver",The NEW YORK CITY Record & CD Show,"440 W 57th St, New York City, NY","(973) 209-6067,(973) 209-6067",https://www.localsaver.com/10001/the-new-york-city-record-cd-show?dsc=MYDS&bizid=52002753,New York
"http://www.nyletsgoghart.com?utm_source=localsaver,http://www.nyletsgoghart.com?utm_source=localsaver",Lets Gogh Art NYC,4 west 21st street #11D,"(917) 704-0102,(917) 704-0102",https://www.localsaver.com/10001/lets-gogh-art-nyc?dsc=BDSP&bizid=12590362,New York
,Bullseye Mechanical Corp.,329 Broome Street,"(917) 204-2697,(917) 204-2697",https://www.localsaver.com/10001/bullseye-mechanical-corp-?dsc=MYDS&bizid=52004356,Manhattan
,Potjanee Authentic Thai,48 Carmine Street,"(212) 627-7745,(212) 627-7745",https://www.localsaver.com/10001/potjanee-authentic-thai?dsc=RSTRT&bizid=147425,New York
,City Mall Electronics,85 West St,"(505) 386-2594,(505) 386-2594",https://www.localsaver.com/10001/city-mall-electronics?dsc=MYDS&bizid=52065934,New York City
,Lexington Jeweler,1236 lexingvton ave,"(212) 744-4140,(212) 744-4140",https://www.localsaver.com/10001/lexington-jeweler?dsc=MYDS&bizid=52055426,New York
,Kokorico,4208 Park Ave,"(201) 348-4646,(201) 348-4646",https://www.localsaver.com/10001/kokorico?dsc=RSTRT&bizid=272327,Weehawken
"http://www.drycleannewyork.com?utm_source=localsaver,http://www.drycleannewyork.com?utm_source=localsaver",Celestial Cleaners,357 E68 STREET,"(212) 288-8843,(212) 288-8843",https://www.localsaver.com/10001/celestial-cleaners?dsc=MYDS&bizid=52008712,New York
,Wicked Willy's,149 Bleecker Street,"(212) 254-8592,(212) 254-8592",https://www.localsaver.com/10001/wicked-willy-s?dsc=RSTRT&bizid=181287,New York
,Obica-Midtown,590 Madison Ave,"(212) 355-2217,(212) 355-2217",https://www.localsaver.com/10001/obica-midtown?dsc=RSTRT&bizid=57201,New York
,Via Della Pace,48 E. 7th St.,"(212) 253-5803,(212) 253-5803",https://www.localsaver.com/10001/via-della-pace?dsc=RSTRT&bizid=49314,New York
,Gina La Fornarina,,,https://www.localsaver.com/10001/gina-la-fornarina?dsc=RSTRT&bizid=285750,New York
"http://www.brooklynabortionclinic.nyc?utm_source=localsaver,http://www.brooklynabortionclinic.nyc?utm_source=localsaver",Brooklyn Abortion Clinic,14 DeKalb Avenue 4 floor,"(718) 369-1900,(718) 369-1900",https://www.localsaver.com/10001/brooklyn-abortion-clinic?dsc=MYDS&bizid=52074213,Brooklyn
,Stir Cafe on Broadway,32 Broadway,"(212) 425-5123,(212) 425-5123",https://www.localsaver.com/10001/stir-cafe-on-broadway?dsc=RSTRT&bizid=205458,New York
,Famous Sichuan,10 Pell St,"(212) 233-3888,(212) 233-3888",https://www.localsaver.com/10001/famous-sichuan?dsc=RSTRT&bizid=277254,New York
"http://www.nynewyorklocksmith.com/content/emergency-new-york-locksmith?utm_source=localsaver,http://www.nynewyorklocksmith.com/content/emergency-new-york-locksmith?utm_source=localsaver",Montigru and Sons Emergency Locksmith,,"(646) 661-4737,(646) 661-4737",https://www.localsaver.com/10001/montigru-and-sons-emergency-locksmith?dsc=MYDS&bizid=52017238,
,Apna Masala Indian Cuisine,344 East 6th Street,"(646) 756-5597,(646) 756-5597",https://www.localsaver.com/10001/apna-masala-indian-cuisine?dsc=RSTRT&bizid=245726,New York
"http://DogLifeHoboken.com?utm_source=localsaver,http://DogLifeHoboken.com?utm_source=localsaver",Dog Life Hoboken,,"(347) 484-5643,(347) 484-5643",https://www.localsaver.com/10001/dog-life-hoboken?dsc=MYDS&bizid=52032983,
"http://dmacupuncture.nyc?utm_source=localsaver,http://dmacupuncture.nyc?utm_source=localsaver",Damian McCleod Acupuncture,"110 Williams Street, ground floor","(917) 806-8505,(917) 806-8505",https://www.localsaver.com/10001/damian-mccleod-acupuncture?dsc=MYDS&bizid=52058586,New York
,Whitmans,406 East 9th Street,"(212) 228-8011,(212) 228-8011",https://www.localsaver.com/10001/whitmans?dsc=RSTRT&bizid=50690,New York
"https://www.myjerseycitylocksmith.com/hoboken-locksmith?utm_source=localsaver,https://www.myjerseycitylocksmith.com/hoboken-locksmith?utm_source=localsaver",Wisberg and Daughter Locksmith Hoboken,1 Serving Area,"(201) 297-6416,(201) 297-6416",https://www.localsaver.com/10001/wisberg-and-daughter-locksmith-hoboken?dsc=MYDS&bizid=52044898,Hoboken
,Amoun,406 E 73rd St,"(212) 737-7659,(212) 737-7659",https://www.localsaver.com/10001/amoun?dsc=RSTRT&bizid=279953,New York City
"http://privateexterminator.com/?utm_source=localsaver,http://privateexterminator.com/?utm_source=localsaver",Private Exterminator,403 E 70th St #7,"(347) 308-5107,(347) 308-5107",https://www.localsaver.com/10001/private-exterminator?dsc=MYDS&bizid=52053190,New York
,ROSTICERIA DA GIGI,916 Washington St,"(201) 710-5850,(201) 710-5850",https://www.localsaver.com/10001/rosticeria-da-gigi?dsc=RSTRT&bizid=256230,Hoboken
"http://www.Fleursdefinise.com?utm_source=localsaver,http://www.Fleursdefinise.com?utm_source=localsaver",Fleursdefinise,,"(917) 679-3000,(917) 679-3000",https://www.localsaver.com/10001/fleursdefinise?dsc=MYDS&bizid=52059298,
"http://tracking.groupon.com/r?tsToken=US_AFF_0_201747_212556_0&url=https%3A%2F%2Fwww.groupon.com%2Fdeals%2Fsterling-optical-13%3Fz%3Dskip%26utm_medium%3Dafl%26utm_campaign%3D201747%26mediaId%3D212556%26utm_source%3DGPN&utm_source=localsaver,http://tracking.groupon.com/r?tsToken=US_AFF_0_201747_212556_0&url=https%3A%2F%2Fwww.groupon.com%2Fdeals%2Fsterling-optical-13%3Fz%3Dskip%26utm_medium%3Dafl%26utm_campaign%3D201747%26mediaId%3D212556%26utm_source%3DGPN&utm_source=localsaver",Sterling Optical,1125 Lexington Ave.,"(212) 755-8927,(212) 755-8927",https://www.localsaver.com/10001/sterling-optical?dsc=GPNDL&bizid=C1AC49A6B2EBD3AFA94ACBE0721F181A,New York
"http://www.wildhorsetavern.com?utm_source=localsaver,http://www.wildhorsetavern.com?utm_source=localsaver",Wild Horse Tavern,1629 Second Ave,"(207) 312-2306,(207) 312-2306",https://www.localsaver.com/10001/wild-horse-tavern?dsc=MYDS&bizid=52053240,New York
"http://212modernfurniture.com?utm_source=localsaver,http://212modernfurniture.com?utm_source=localsaver",212modern furniture,370 broadway,"(212) 791-9700,(212) 791-9700",https://www.localsaver.com/10001/212modern-furniture?dsc=MYDS&bizid=52024870,New York
,Blue Lotus,131 Erie St,"(201) 216-9038,(201) 216-9038",https://www.localsaver.com/10001/blue-lotus?dsc=RSTRT&bizid=231136,Jersey City
,MY PROPERTY SERVICE INC.,,"(646) 808-5371,(646) 808-5371",https://www.localsaver.com/10001/my-property-service-inc-?dsc=MYDS&bizid=52044823,
,Casablanca Grill,1132 1st Avenue,"(212) 355-3535,(212) 355-3535",https://www.localsaver.com/10001/casablanca-grill?dsc=RSTRT&bizid=265169,New York
"http://tracking.groupon.com/r?tsToken=US_AFF_0_201747_212556_0&url=https%3A%2F%2Fwww.groupon.com%2Fdeals%2Fpaolo-saggese-dmd-pllc%3Fz%3Dskip%26utm_medium%3Dafl%26utm_campaign%3D201747%26mediaId%3D212556%26utm_source%3DGPN&utm_source=localsaver,http://tracking.groupon.com/r?tsToken=US_AFF_0_201747_212556_0&url=https%3A%2F%2Fwww.groupon.com%2Fdeals%2Fpaolo-saggese-dmd-pllc%3Fz%3Dskip%26utm_medium%3Dafl%26utm_campaign%3D201747%26mediaId%3D212556%26utm_source%3DGPN&utm_source=localsaver","Paolo Saggese, DMD, PLLC",325 Broadway Lobby Suite,"(212) 962-7565,(212) 962-7565",https://www.localsaver.com/10001/paolo-saggese-dmd-pllc?dsc=GPNDL&bizid=6E67C70AB262583F157124589732EF0D,New York
,212 Steakhouse,316 E. 53rd St,"(212) 858-0646,(212) 858-0646",https://www.localsaver.com/10001/212-steakhouse?dsc=RSTRT&bizid=231333,New York
,Future  Recycling,,"(201) 927-9773,(201) 927-9773",https://www.localsaver.com/10001/future-recycling?dsc=MYDS&bizid=52043441,
"https://www.valpak.com/coupons/printable/the-liquor-store-com/157962?addressId=238284&vpref=localsaver-syn&utm_source=localsaver,https://www.valpak.com/coupons/printable/the-liquor-store-com/157962?addressId=238284&vpref=localsaver-syn&utm_source=localsaver",The Liquor Store.Com,55 Flatbush Ave,"(718) 395-1456,(718) 395-1456",https://www.localsaver.com/10001/the-liquor-store-com?dsc=VALPK&bizid=238284,Brooklyn
"http://www.212modernfurniture.com?utm_source=localsaver,http://www.212modernfurniture.com?utm_source=localsaver",212 Modern Furniture,370 Broadway,"(212) 791-9700,(212) 791-9700",https://www.localsaver.com/10001/212-modern-furniture?dsc=MYDS&bizid=52019672,New York
,ChocoLoco,421B 35th Street,"(201) 707-7122,(201) 707-7122",https://www.localsaver.com/10001/chocoloco?dsc=RSTRT&bizid=280184,Union City
,Iconic Cafe,238 Lafayette St,"(212) 226-8912,(212) 226-8912",https://www.localsaver.com/10001/iconic-cafe?dsc=RSTRT&bizid=239706,New York
,Cafe Daniello's,1072 2nd Avenue,"(212) 752-5710,(212) 752-5710",https://www.localsaver.com/10001/cafe-daniello-s?dsc=RSTRT&bizid=20128,New York
,Big Banner Restaurant,401 Jackson St,"(201) 798-0995,(201) 798-0995",https://www.localsaver.com/10001/big-banner-restaurant?dsc=RSTRT&bizid=277735,Hoboken
"http://www.sportlsp.com?utm_source=localsaver,http://www.sportlsp.com?utm_source=localsaver",Taekwondo Upper East Side NYC,168 E. 66th St,"(347) 891-5929,(347) 891-5929",https://www.localsaver.com/10001/taekwondo-upper-east-side-nyc?dsc=MYDS&bizid=52020624,New York
"http://www.qlosette.com?utm_source=localsaver,http://www.qlosette.com?utm_source=localsaver",Qlosette,215 Mulberry Street,"(212) 966-0333,(212) 966-0333",https://www.localsaver.com/10001/qlosette?dsc=MYDS&bizid=52007741,New York
,Salon G83,100 West 83rd Street,"(212) 769-3908,(212) 769-3908",https://www.localsaver.com/10001/salon-g83?dsc=MYDS&bizid=52039225,New York
,HORUS KEBAB HOUSE,93 AVENUE B,"(212) 777-9199,(212) 777-9199",https://www.localsaver.com/10001/horus-kebab-house?dsc=RSTRT&bizid=223518,NEW YORK
,Stamina Grill & Juice Bar,,,https://www.localsaver.com/10001/stamina-grill-juice-bar?dsc=RSTRT&bizid=295375,New York
,Katra,217 Bowery,"(212) 473-3113,(212) 473-3113",https://www.localsaver.com/10001/katra?dsc=RSTRT&bizid=24650,New York
,Jubilee Vape & Smoke Shop,1485 York Ave,"(646) 678-3436,(646) 678-3436",https://www.localsaver.com/10001/jubilee-vape-smoke-shop?dsc=MYDS&bizid=52061930,New York
,El Sombrero,108 Stanton St,"(646) 755-9334,(646) 755-9334",https://www.localsaver.com/10001/el-sombrero?dsc=RSTRT&bizid=245581,New York
"https://www.valpak.com/coupons/printable/kc-arts-and-custom-framing/156295?addressId=236550&vpref=localsaver-syn&utm_source=localsaver,https://www.valpak.com/coupons/printable/kc-arts-and-custom-framing/156295?addressId=236550&vpref=localsaver-syn&utm_source=localsaver",KC Arts and Custom Framing,252 Court St,"(718) 852-1271,(718) 852-1271",https://www.localsaver.com/10001/kc-arts-and-custom-framing?dsc=VALPK&bizid=236550,Brooklyn
"http://WWW.BEBEGEAR.COM?utm_source=localsaver,http://WWW.BEBEGEAR.COM?utm_source=localsaver",BEBE GEAR INC,,"(800) 258-0960,(800) 258-0960",https://www.localsaver.com/10001/bebe-gear-inc?dsc=MYDS&bizid=52031686,
,Cafe Gallery 2,,,https://www.localsaver.com/10001/cafe-gallery-2?dsc=RSTRT&bizid=306610,New York
,Arita Ichiban,43-7 Main St,"(718) 939-8999,(718) 939-8999",https://www.localsaver.com/10001/arita-ichiban?dsc=RSTRT&bizid=271245,New York
"http://www.compasslimo.com?utm_source=localsaver,http://www.compasslimo.com?utm_source=localsaver",Compass Transportation Group,,"(347) 725-0889,(347) 725-0889",https://www.localsaver.com/10001/compass-transportation-group?dsc=MYDS&bizid=52046951,
"http://lbpetgrooming.com?utm_source=localsaver,http://lbpetgrooming.com?utm_source=localsaver",L & B Pet Grooming,326 East 78th Street,"(212) 737-3647,(212) 737-3647",https://www.localsaver.com/10001/l-b-pet-grooming?dsc=MYDS&bizid=52045476,New York
"http://www.nargisbarandgrill.com?utm_source=localsaver,http://www.nargisbarandgrill.com?utm_source=localsaver",Nargis Bar & Grill,Serving,"(718) 640-7000,(718) 640-7000",https://www.localsaver.com/10001/nargis-bar-grill?dsc=MYDS&bizid=52085849,Brooklyn
"http://primeprepping.com/?utm_source=localsaver,http://primeprepping.com/?utm_source=localsaver",Prime Prepping Daycare & Nursery,520 Grand street,"(212) 477-9861,(212) 477-9861",https://www.localsaver.com/10001/prime-prepping-daycare-nursery?dsc=MYDS&bizid=52023018,New York
"http://www.braschlegal.com/?utm_source=localsaver,http://www.braschlegal.com/?utm_source=localsaver",The Law Offices of Justin C. Brasch,30 Vesey St Ste 300,"(212) 267-2500,(212) 267-2500",https://www.localsaver.com/10001/the-law-offices-of-justin-c-brasch?dsc=MYDS&bizid=52036978,New York
,Tribeca Tap House,363 Greenwich Street,"(212) 510-8939,(212) 510-8939",https://www.localsaver.com/10001/tribeca-tap-house?dsc=RSTRT&bizid=153276,New York
"http://superioressaywriter.com?utm_source=localsaver,http://superioressaywriter.com?utm_source=localsaver", Superior Essay Writer- Best Custom Essay Writing ,212,"(901) 352-3224,(901) 352-3224",https://www.localsaver.com/10001/-superior-essay-writer-best-custom-essay-writing-?dsc=MYDS&bizid=52024333,New York
,Pure Pita,324 Washington St,"(201) 241-3182,(201) 241-3182",https://www.localsaver.com/10001/pure-pita?dsc=RSTRT&bizid=243880,Hoboken
"http://www.rosaleenhorn.com?utm_source=localsaver,http://www.rosaleenhorn.com?utm_source=localsaver","Rosaleen Rusty Horn, LP",125 West 80th St.,"(212) 799-0695,(212) 799-0695",https://www.localsaver.com/10001/rosaleen-rusty-horn-lp?dsc=BDSP&bizid=12600399,New York
,La Caverna,122-124 Rivington Street,"(212) 475-2126,(212) 475-2126",https://www.localsaver.com/10001/la-caverna?dsc=RSTRT&bizid=186223,New York
"http://www.matiellconsignment.com?utm_source=localsaver,http://www.matiellconsignment.com?utm_source=localsaver",Matiell Consignment and Designer Resale,163 East 87th St.,"(212) 477-1123,(212) 477-1123",https://www.localsaver.com/10001/matiell-consignment-and-designer-resale?dsc=MYDS&bizid=52046546,New York
"https://www.nynewyorklocksmith.com?utm_source=localsaver,https://www.nynewyorklocksmith.com?utm_source=localsaver",Montigru and Sons Locksmith,481 Columbus Ave,"(646) 459-4358,(646) 459-4358",https://www.localsaver.com/10001/montigru-and-sons-locksmith?dsc=MYDS&bizid=52009968,New York
"http://www.studiohairplus.com?utm_source=localsaver,http://www.studiohairplus.com?utm_source=localsaver",Studio Hair Plus,"20 East 40th Street, (between 5th & Madison Ave.)","(212) 689-3255,(212) 689-3255",https://www.localsaver.com/10001/studio-hair-plus?dsc=BDSP&bizid=12558863,New York
,SVL Bar,,,https://www.localsaver.com/10001/svl-bar?dsc=RSTRT&bizid=297774,Astoria
,AMARACHI LOUNGE,189 Bridge Street,"(718) 222-1010,(718) 222-1010",https://www.localsaver.com/10001/amarachi-lounge?dsc=RSTRT&bizid=226313,Brooklyn
,Restaurant Deli & Cafe,316 48Th St,"(201) 758-5348,(201) 758-5348",https://www.localsaver.com/10001/restaurant-deli-cafe?dsc=RSTRT&bizid=242309,Union City
"http://www.vbmfitness.net?utm_source=localsaver,http://www.vbmfitness.net?utm_source=localsaver",VBMFITNESS LLC,75 Jackson Street,"(201) 406-7076,(201) 406-7076",https://www.localsaver.com/10001/vbmfitness-llc?dsc=MYDS&bizid=52008070,Hoboken
"http://tracking.groupon.com/r?tsToken=US_AFF_0_201747_212556_0&url=https%3A%2F%2Fwww.groupon.com%2Fdeals%2Fdr-louis-peterson-1%3Fz%3Dskip%26utm_medium%3Dafl%26utm_campaign%3D201747%26mediaId%3D212556%26utm_source%3DGPN&utm_source=localsaver,http://tracking.groupon.com/r?tsToken=US_AFF_0_201747_212556_0&url=https%3A%2F%2Fwww.groupon.com%2Fdeals%2Fdr-louis-peterson-1%3Fz%3Dskip%26utm_medium%3Dafl%26utm_campaign%3D201747%26mediaId%3D212556%26utm_source%3DGPN&utm_source=localsaver",Peterson Chiropractic,150 Broadway.,"(212) 769-3210,(212) 769-3210",https://www.localsaver.com/10001/peterson-chiropractic?dsc=GPNDL&bizid=506635DC588F990CAB68FA729E55C1BB,New York
,Irena Spencer Interiors Inc.,,,https://www.localsaver.com/10001/irena-spencer-interiors-inc-?dsc=MYDS&bizid=52063717,
,To Spete Greek Restaurant,,,https://www.localsaver.com/10001/to-spete-greek-restaurant?dsc=RSTRT&bizid=298257,Brooklyn
"http://www.MisterHighDef.com?utm_source=localsaver,http://www.MisterHighDef.com?utm_source=localsaver",Mister High Def,,"(844) 443-3388,(844) 443-3388",https://www.localsaver.com/10001/mister-high-def?dsc=MYDS&bizid=52027149,
,Cafe Los Arcos,,,https://www.localsaver.com/10001/cafe-los-arcos?dsc=RSTRT&bizid=291420,Brooklyn
,Kelso Bistro Bar & Restaurant,,,https://www.localsaver.com/10001/kelso-bistro-bar-restaurant?dsc=RSTRT&bizid=288402,Brooklyn
"http://www.wishstarmaid.com?utm_source=localsaver,http://www.wishstarmaid.com?utm_source=localsaver",Wish Star Maid,"300 N End Ave New York, NY","(347) 509-8329,(347) 509-8329",https://www.localsaver.com/10001/wish-star-maid?dsc=MYDS&bizid=52001050,New York
"http://www.misamiguitosspanshmontessori.com?utm_source=localsaver,http://www.misamiguitosspanshmontessori.com?utm_source=localsaver",Mis Amiguitos Spanish Montessori,309E 85 St.,"(212) 470-3204,(212) 470-3204",https://www.localsaver.com/10001/mis-amiguitos-spanish-montessori?dsc=MYDS&bizid=52021047,New York
"http://www.nynewyorklocksmith.com/manhattan-locksmith?utm_source=localsaver,http://www.nynewyorklocksmith.com/manhattan-locksmith?utm_source=localsaver","Eddie and Sons Locksmith - Manhattan, NY",1 Serving Area,"(646) 661-4746,(646) 661-4746",https://www.localsaver.com/10001/eddie-and-sons-locksmith-manhattan-ny?dsc=MYDS&bizid=52044822,New York
,Jungle Cafe,996 Manhattan Ave,"(347) 987-4981,(347) 987-4981",https://www.localsaver.com/10001/jungle-cafe?dsc=RSTRT&bizid=240040,Brooklyn
,American (Trash) Bar,1471 1st Avenue,"(212) 988-9008,(212) 988-9008",https://www.localsaver.com/10001/american-trash-bar?dsc=RSTRT&bizid=191200,New York
"http://bnbbeautyretreat.wix.com/bnbbeautyretreat?utm_source=localsaver,http://bnbbeautyretreat.wix.com/bnbbeautyretreat?utm_source=localsaver",Bnb Beauty Retreat,"16 W 56th Street, 2nd Floor","(347) 724-8737,(347) 724-8737",https://www.localsaver.com/10001/bnb-beauty-retreat?dsc=BDSP&bizid=12558973,New York
,Bella Gioia,209 4th Ave.,"(347) 223-4176,(347) 223-4176",https://www.localsaver.com/10001/bella-gioia?dsc=RSTRT&bizid=245100,Brooklyn
"http://www.abloomentertainment.com?utm_source=localsaver,http://www.abloomentertainment.com?utm_source=localsaver",A Bloom Entertainment,,"(201) 920-6503,(201) 920-6503",https://www.localsaver.com/10001/a-bloom-entertainment?dsc=MYDS&bizid=52013800,
,POTATOPIA,30 Mall Drive West,"(201) 659-2400,(201) 659-2400",https://www.localsaver.com/10001/potatopia?dsc=RSTRT&bizid=264006,Jersey City
,Palermo Pizza & Italian Restaurant,7407 Broadway ,"(201) 861-8333,(201) 861-8333",https://www.localsaver.com/10001/palermo-pizza-italian-restaurant?dsc=RSTRT&bizid=173017,North Bergen
"http://www.geralddelisle.com?utm_source=localsaver,http://www.geralddelisle.com?utm_source=localsaver",Delisle Financial Advisory Service,,"(917) 770-2765,(917) 770-2765",https://www.localsaver.com/10001/delisle-financial-advisory-service?dsc=MYDS&bizid=52034358,
"http://www.new-york-carpet-cleaning.org/index.php?utm_source=localsaver,http://www.new-york-carpet-cleaning.org/index.php?utm_source=localsaver",New York Carpet Pros,,"(917) 300-1044,(917) 300-1044",https://www.localsaver.com/10001/new-york-carpet-pros?dsc=BDSP&bizid=12558252,
,Zebu Grill,,,https://www.localsaver.com/10001/zebu-grill?dsc=RSTRT&bizid=291520,New York
,"Beyond Reach Enterprise, LLC",,"(518) 320-8711,(518) 320-8711",https://www.localsaver.com/10001/beyond-reach-enterprise-llc?dsc=MYDS&bizid=52035914,
,Hidalgo Mexican Food,35-09 Vernon Boulevard,"(917) 832-6783,(917) 832-6783",https://www.localsaver.com/10001/hidalgo-mexican-food?dsc=RSTRT&bizid=280930,Astoria
"http://www.powertolove.com?utm_source=localsaver,http://www.powertolove.com?utm_source=localsaver",Love Coaching For Women,45 Broadway,"(347) 949-1677,(347) 949-1677",https://www.localsaver.com/10001/love-coaching-for-women?dsc=MYDS&bizid=52008456,New York
"http://www.manchanda-law.com?utm_source=localsaver,http://www.manchanda-law.com?utm_source=localsaver",MANCHANDA LAW OFFICE PLLC,"17 State Street, Suite 4000","(212) 968-8600,(212) 968-8600",https://www.localsaver.com/10001/manchanda-law-office-pllc?dsc=MYDS&bizid=52036092,New York
"http://www.bhcarpetcleaning.com/?utm_source=localsaver,http://www.bhcarpetcleaning.com/?utm_source=localsaver",B&H Carpet Cleaning,,"(888) 244-8143,(888) 244-8143",https://www.localsaver.com/10001/b-h-carpet-cleaning?dsc=BDSP&bizid=12558192,
"http://www.sushibysimon.com/?utm_source=localsaver,http://www.sushibysimon.com/?utm_source=localsaver",Sushi by Simon,,"(212) 340-1339,(212) 340-1339",https://www.localsaver.com/10001/sushi-by-simon?dsc=BDSP&bizid=12559560,
"http://www.colorcopainting.com?utm_source=localsaver,http://www.colorcopainting.com?utm_source=localsaver",Colorco Painting Corp,,"(212) 369-2472,(212) 369-2472",https://www.localsaver.com/10001/colorco-painting-corp?dsc=MYDS&bizid=52024797,
"http://www.tdbarneslaw.com?utm_source=localsaver,http://www.tdbarneslaw.com?utm_source=localsaver","Tatia D. Barnes, Esq.","45 Broadway, Suite 1700","(212) 257-4362,(212) 257-4362",https://www.localsaver.com/10001/tatia-d-barnes-esq-?dsc=MYDS&bizid=52025169,New York
"https://www.valpak.com/coupons/printable/thats-a-wrap/22232?addressId=246826&vpref=localsaver-syn&utm_source=localsaver,https://www.valpak.com/coupons/printable/thats-a-wrap/22232?addressId=246826&vpref=localsaver-syn&utm_source=localsaver",THAT'S A WRAP,3801 30th Ave,"(718) 278-9727,(718) 278-9727",https://www.localsaver.com/10001/that-39-s-a-wrap?dsc=VALPK&bizid=246826,Astoria
,The Performax Group,,"(646) 306-2519,(646) 306-2519",https://www.localsaver.com/10001/the-performax-group?dsc=MYDS&bizid=52039808,
"http://www.newyorkpsychicsharon.com?utm_source=localsaver,http://www.newyorkpsychicsharon.com?utm_source=localsaver",Psychic Readings by Sharon,"213 E 45th St, Apartment 2F","(347) 410-4693,(347) 410-4693",https://www.localsaver.com/10001/psychic-readings-by-sharon?dsc=BDSP&bizid=12557191,New York
,Roast Homestyle Chicken,,,https://www.localsaver.com/10001/roast-homestyle-chicken?dsc=RSTRT&bizid=291309,New York
"http://www.green-pirate.com?utm_source=localsaver,http://www.green-pirate.com?utm_source=localsaver",Green Pirate Juice,,"(917) 450-7091,(917) 450-7091",https://www.localsaver.com/10001/green-pirate-juice?dsc=MYDS&bizid=52008195,
"https://www.valpak.com/coupons/printable/harbor-freight-tools/84352?addressId=31397&vpref=localsaver-syn&utm_source=localsaver,https://www.valpak.com/coupons/printable/harbor-freight-tools/84352?addressId=31397&vpref=localsaver-syn&utm_source=localsaver",Harbor Freight,435 Hamilton Ave,"(800) 423-2567,(800) 423-2567",https://www.localsaver.com/10001/harbor-freight?dsc=VALPK&bizid=31397,Brooklyn
"http://www.GetMeOnTop.com?utm_source=localsaver,http://www.GetMeOnTop.com?utm_source=localsaver",GetMeOnTop,"30 Wall Street, 8th Floor","(646) 290-7081,(646) 290-7081",https://www.localsaver.com/10001/getmeontop?dsc=MYDS&bizid=52012584,New York
"http://www.t-shirtprintingNY.com?utm_source=localsaver,http://www.t-shirtprintingNY.com?utm_source=localsaver",On Time Printing,95 Guernsey st,"(718) 614-8091,(718) 614-8091",https://www.localsaver.com/10001/on-time-printing?dsc=MYDS&bizid=52000679,Brooklyn
"http://unlimitedfitnessnyc.com?utm_source=localsaver,http://unlimitedfitnessnyc.com?utm_source=localsaver",Unlimited Fitness NYC,"W 67th S, Sheep Meadows","(917) 776-0009,(917) 776-0009",https://www.localsaver.com/10001/unlimited-fitness-nyc?dsc=BDSP&bizid=12558634,New York
,Citrico,681 Washington Ave,"(347) 955-4519,(347) 955-4519",https://www.localsaver.com/10001/citrico?dsc=RSTRT&bizid=230192,Brooklyn
"http://www.theparentwhispererny.com?utm_source=localsaver,http://www.theparentwhispererny.com?utm_source=localsaver",The Parent Whisperer NY,,"(917) 538-2002,(917) 538-2002",https://www.localsaver.com/10001/the-parent-whisperer-ny?dsc=MYDS&bizid=52010256,
"https://www.valpak.com/coupons/printable/elegant-barbershop/164761?addressId=245845&vpref=localsaver-syn&utm_source=localsaver,https://www.valpak.com/coupons/printable/elegant-barbershop/164761?addressId=245845&vpref=localsaver-syn&utm_source=localsaver",Elegant Barbershop,310 4th St,"(718) 758-6000,(718) 758-6000",https://www.localsaver.com/10001/elegant-barbershop?dsc=VALPK&bizid=245845,Brooklyn
"http://www.playtuneslessons.com?utm_source=localsaver,http://www.playtuneslessons.com?utm_source=localsaver",Playtunes Lessons,,"(212) 500-0587,(212) 500-0587",https://www.localsaver.com/10001/playtunes-lessons?dsc=MYDS&bizid=52057281,
"http://www.uptownautorepair.net/?utm_source=localsaver,http://www.uptownautorepair.net/?utm_source=localsaver",Midtown Auto Enterprises LLC,Serving,"(212) 582-2842,(212) 582-2842",https://www.localsaver.com/10001/midtown-auto-enterprises-llc?dsc=MYDS&bizid=52088769,New York
